species,03_18-Apa-G-a1,03_18-Apa-G-a2,03_18-Apa-G-a3,03_18-Apa-G-a4,03_18-Apa-G-a5,03_18-Apa-G-b1,03_18-Apa-G-b2,03_18-Apa-G-b3,03_18-Apa-G-b4,03_18-Apa-G-b5,03_18-Apa-G-c1,03_18-Apa-G-c2,03_18-Apa-G-c3,03_18-Apa-G-c4,03_18-Apa-G-c5
CGGGACTTAACCCAACATCTCACGACACGAGCTGACGACAACCATGCACCACCTGTATACCGACCTTGCGGGGCGACCATCTCTGGACGTTTCCGGTATATGTCAAGCCTTGGTAAGGTTCTTCGCGTTGCATCGAATTAATCCGCATGCTCCGCCGCTTGTGCGGGCCCCCGTCAATTCCTTTGAGTTTTAGCCTTGCGGCCGTACTCCCCAGGCGGGGAACTTAATGCGTTAGCTGCGACACGGAGACCGTGGAATGGCCCCCACATCTAGTTCCCAACGTTTACGGCATGGACTAC,118,0,0,0,274,0,0,131,187,0,433,1007,0,201,99
CGGGACTTAACCCAACATCTCACGACACGAGCTGACGACAGCCATGCAGCACCTGTGTGCAGGTCCCCGAAGGGAAGAAATCCATCTCTGGAAGTCGTCCTGCCATGTCAAACGCTGGTAAGGTTCTGCGCGTTGCTTCGAATTAAACCACATGCTCCACCGCTTGTGCAGGCCCCCGTCAATTCATTTGAGTTTTAACCTTGCGGCCGTACTCCCCAGGCGGATAACTTAATGCGTTAGCTGCGCCACCCAAACACCAAGTGTCCGGACAGCTAGTTATCATCGTTTACGGCGTGGACTAC,128,0,0,0,520,398,0,0,120,138,654,533,147,0,195
CGGGACTTAACCCAACATCTCACGACACGAGCTGACGACAACCATGCACCACCTGTCTCCTCTGTCCCGAAGGAAAGGTACATCTCTGTACCGGTCAGAGGGATGTCAAGACCTGGTAAGGTTCTTCGCGTTGCTTCGAATTAAACCACATACTCCACTGCTTGTGCGGGTCCCCGTCAATTCCTTTGAGTTTCAGTCTTGCGACCGTACTCCCCAGGCGGAGTGCTTAATGTGTTAACTTCGGCACCAAGGGTATCGAAACCCCTAACACCTAGCACTCATCGTTTACGGCGTGGACTAC,0,99,0,0,155,127,0,0,527,906,421,222,0,0,637
CGGGACTTAACCCAACATCTCACGACACGAGCTGACGACAGCCATGCACCACCTGTACACCCCCAAAAGAAGCCCCATCTCTGGAGCGGCAGGGTGTATGTCAAACCCAGGTAAGGTTCTTCGCGTTGCATCGAATTAATCCGCATGCTCCGCCGCTTGTGCGGGCCCCCGTCAATTCCTTTGAGTTTTAGCCTTGCGGCCGTACTCCCCAGGCGGGGCGCTTAATGCGTTAGCTGCGGCACGGAATCCGTGGAATGGACCCCACACCTAGCGCCCAACGTTTACGGTGTGGACTAC,160,0,0,0,352,235,0,191,306,0,366,521,369,1064,236
CGGGACTTAACCCAACATCTCACGACACGAGCTGACGACAGCCATGCAGCACCTGTGTTACGGCTCTCTTTCGAGCACACCTCGATCTCTCGTGGCTTCCGTACATGTCAAGGGTAGGTAAGGTTTTTCGCGTTGCATCGAATTAATCCACATCATCCACCGCTTGTGCGGGTCCCCGTCAATTCCTTTGAGTTTTAATCTTGCGACCGTACTCCCCAGGCGGTCTACTTCACGCGTTAGCTGCGTTACCAAGTTAATTAAAACCCGACAACTAGTAGACATCGTTTAGGGCGTGGACTAC,192,78,455,102,668,222,210,52,610,362,153,162,264,134,370
CGGGACTTAACCCAACACCTCACGGCACGAGCTGACGACGGCCATGCAGCACCTTGCTTTGTGTCCCGAAGGAAAAGCTCATCTCTGAGCCGGTCACGCGCATTCTAGCCTAGGTAAGGTTCCTCGCGTATCATCGAATTAAACCACATGCTCCACCACTTGTGCGGGCCCCCGTCAATTCCTTTGAGTTTCACTCTTGCGAGCGTACTCCCCAGGTGGGATACTTATCGGTTTCCCTAAGCCACGAACAATCTTTAGCTCGCAGCGAGTATCCATCGTTTACGGCGTGGACTAC,197,0,0,0,184,257,0,299,0,144,598,642,110,152,235
CGGGACTTAACCCAACATCTCACGACACGAGCTGACGACAGCCATGCACCACCTGTATACCGACTAAAAGGGGCCCCATCTCTGGGGCTTTCCGGCATATGTCAAACCCAGGTAAGGTTCTTCGCGTTGCATCGAATTAATCCGCATGCTCCGCCGCTTGTGCGGGCCCCCGTCAATTCCTTTGAGTTTTAGCCTTGCGGCCGTACTCCCCAGGCGGGGCGCTTAATGCGTTAGCTGCGGCACGGAATCCGTGGAATGGACCCCACACCTAGCGCCCAACGTTTACGGTGTGGACTAC,214,63,145,252,605,323,88,475,723,143,888,1620,1485,863,871
CGGGACTTAACCCAACATCTCACGACACGAGCTGACGACAGCCATGCACCACCTGTGATCGAGTCCCGAAGGAGGGCCGTATTTCTACGGCTTTCCCGACCATGTCAAGCCTTGGTAAGGTTCTTCGCGTTGCGTCGAATTAAACCACATGCTCCGCTGCTTGTGCGGGCCCCCGTCAATTCCTTTGAGTTTTAGCCTTGCGGCCGTACTCCCCAGGCGGGGTGCTTAATGCGTTAGCTTCGGCACGGGGGGAGTCGACACCCCCCACACCTAGCACCCATCGTTTACGGCGTGGACTAC,107,0,170,93,198,258,0,178,322,0,623,1072,1022,464,775
CGGGACTTAACCCAACATCTCACGACACGAGCTGACGACAGCCATGCACCACCTGTGATGGTGTCCCGAAGGAAAGGTGTGTTTCCACACCGGTCACCAACATGTCAAACCCAGGTAAGGTTCTTCGCGTTGCGTCGAATTAAACCACATGCTCCGCTGCTTGTGCGGGCCCCCGTCAATTCCTTTGAGTTTTAGCCTTGCGGCCGTACTCCCCAGGCGGGGCACTTAATGCGTTAGCGTCGGCACGGGAGGAGTCGACACCTCCCACACCTAGTGCCCATCGTTTACGGCGTGGACTAC,56,61,241,85,276,238,230,309,530,99,374,1470,1557,544,873
CGGGACTTAACCCAACATCTCACGACACGAGCTGACGACAGCCATGCAGCACCTGTGTTACGGTTCTCTTTCGAGCACACCTCGATCTCTCGTGGCTTCCGTACATGTCAAGGGTAGGTAAGGTTTTTCGCGTTGCATCGAATTAATCCACATCATCCACCGCTTGTGCGGGTCCCCGTCAATTCCTTTGAGTTTTAATCTTGCGACCGTACTCCCCAGGCGGTCTACTTCACGCGTTAGCTGCGTTACCAAGTTAATTAAAACCCGACAACTAGTAGACATCGTTTAGGGCGTGGACTAC,56,60,160,57,98,68,0,41,481,28,262,77,329,166,380
CGGGACTTAACCCAACATCTCACGACACGAGCTGACGACAGCCATGCACCACCTGTACACCGACAAAAAGGGGCACCATCTCTGATGCTTTCCGGCGTATGTCAAACCCAGGTAAGGTTCTTCGCGTTGCATCGAATTAATCCGCATGCTCCGCCGCTTGTGCGGGCCCCCGTCAATTCCTTTGAGTTTTAGCCTTGCGGCCGTACTCCCCAGGCGGGGCGCTTAATGCGTTAGCTGCGGCACGGAACCCGTGGAATGGATCCCACACCTAGCGCCCAACGTTTACGGTGTGGACTAC,159,0,156,194,352,167,0,160,398,163,99,403,420,231,194
CGGGACTTAACCCAACATCTCACGACACGAGCTGACGACAGCCATGCACCACCTGTGCACGAGCCCCGAAGGGCTGCCGTATTTCTACGACATTCCCGTGCATGTCAAGCCCTGGTAAGGTTCTTCGCGTTGCGTCGAATTAAACCACATGCTCCGCTGCTTGTGCGGGCCCCCGTCAATTCCTTTGAGTTTTAGCCTTGCGGCCGTACTCCCCAGGCGGGGTGCTTAATGCGTTAGCTTCGGCACGGGCGGAGTCGACACCGCCCACACCTAGCACCCATCGTTTACGGCGTGGACTAC,110,37,87,129,91,154,35,129,180,85,299,379,748,210,315
CGGGACTTAACCCAACATCTCACGACACGAGCTGACGACAACCATGCACCACCTGTCACTCTGTCCCCCGAAGGGGAAAGCCCTATCTCTAGGGTTGTCAGAGGATGTCAAGACCTGGTAAGGTTCTTCGCGTTGCTTCGAATTAAACCACATGCTCCACCGCTTGTGCGGGCCCCCGTCAATTCCTTTGAGTTTCAGCCTTGCGGCCGTACTCCCCAGGCGGAGTGCTTAATGCGTTAGCTGCAGCACTAAAGGGCGGAAACCCTCTAACACTTAGCACTCATCGTTTACGGCGTGGACTAC,0,0,94,0,88,26,0,112,191,79,566,911,306,295,458
CGGGACTTAACCCAACATCTCACGACACGAGCTGACGACAACCATGCACCACCTGTCACTCTGTCCCCCGAAGGGGAACGTCCTATCTCTAGGAGTGTCAGAGGATGTCAAGACCTGGTAAGGTTCTTCGCGTTGCTTCGAATTAAACCACATGCTCCACCGCTTGTGCGGGTCCCCGTCAATTCCTTTGAGTTTCAGCCTTGCGGCCGTACTCCCCAGGCGGAGTGCTTAATGCGTTAGCTGCAGCACTAAAGGGCGGAAACCCTCTAACACTTAGCACTCATCGTTTACAGCGTGGACTAC,0,0,54,16,0,0,82,16,53,208,552,606,456,107,285
CGGGACTTAACCCAACATCTCACGACACGAGCTGACGACAGCCATGCACCACCTGTGCACGAGCCCCGAAGGGCTTACGTATTTCTACGCAATTCCCGTGCATGTCAAGCCCTGGTAAGGTTCTTCGCGTTGCGTCGAATTAAACCACATGCTCCGCTGCTTGTGCGGGCCCCCGTCAATTCCTTTGAGTTTTAGCCTTGCGGCCGTACTCCCCAGGCGGGGCGCTTAATGCGTTAGCTTCGGCACGGACGGAGTCGACACCGCCCACACCTAGCGCCCATCGTTTACGGCGTGGACTAC,98,28,115,121,127,92,75,184,215,49,179,386,606,293,279
CGGGACTTAACCCAACATCTCACGACACGAGCTGACGACAACCATGCACCACCTGTACACCAGTCCGAAGACGCACCCATCTCTGAGTGATTCCGGTGTATGTCAAGCCTTGGTAAGGTTCTTCGCGTTGCATCGAATTAATCCGCATGCTCCGCCGCTTGTGCGGGCCCCCGTCAATTCCTTTGAGTTTTAGCCTTGCGGCCGTACTCCCCAGGCGGGGAACTTAATGCGTTAGCTGCGGCACGGATCTCGTGGAATGAGACCCACACCTAGTTCCCAACGTTTACGGCATGGACTAC,88,13,227,56,87,106,0,47,212,0,248,545,417,307,248
CGGGACTTAACCCAACATCTCACGACACGAGCTGACGACAGCCATGCAACACCTGTGTAGGGCCCTTGCGGACACCGTGTCTCCACGGCTTTTCCCTACATGTCAAGCCCTGGTAAGGTTCTTCGCGTCGCGTCGAATTAAGCAACATGCTCCGCCGCTTGTGCGGGCCCCCGTCAATTCCTTTGAGTTTTAGCCTTGCGGCCGTACTCCCCAGGCGGGGCGCTTAATGCGTTAGCTGCGGCACGGAAGGAGTCGATGACCTCCCACACCTAGCGCCCATCGTTTACGGCGTGGACTAC,0,9,110,0,108,89,40,63,249,7,275,0,658,173,276
