numeric_id,otu_id,species_name,unique_name
0,CGGGACTTAACCCAACATCTCACGACACGAGCTGACGACAACCATGCACCACCTGTATACCGACCTTGCGGGGCGACCATCTCTGGACGTTTCCGGTATATGTCAAGCCTTGGTAAGGTTCTTCGCGTTGCATCGAATTAATCCGCATGCTCCGCCGCTTGTGCGGGCCCCCGTCAATTCCTTTGAGTTTTAGCCTTGCGGCCGTACTCCCCAGGCGGGGAACTTAATGCGTTAGCTGCGACACGGAGACCGTGGAATGGCCCCCACATCTAGTTCCCAACGTTTACGGCATGGACTAC,Frigoribacterium,Frigoribacterium_CGGGACTTAACCCAACATCTCACGACACGAGCTGACGACAACCATGCACCACCTGTATACCGACCTTGCGGGGCGACCATCTCTGGACGTTTCCGGTATATGTCAAGCCTTGGTAAGGTTCTTCGCGTTGCATCGAATTAATCCGCATGCTCCGCCGCTTGTGCGGGCCCCCGTCAATTCCTTTGAGTTTTAGCCTTGCGGCCGTACTCCCCAGGCGGGGAACTTAATGCGTTAGCTGCGACACGGAGACCGTGGAATGGCCCCCACATCTAGTTCCCAACGTTTACGGCATGGACTAC
2,CGGGACTTAACCCAACATCTCACGACACGAGCTGACGACAACCATGCACCACCTGTCACTCTGTCCCCCGAAGGGGAACGTCCTATCTCTAGGATTGTCAGAGGATGTCAAGACCTGGTAAGGTTCTTCGCGTTGCTTCGAATTAAACCACATGCTCCACCGCTTGTGCGGGTCCCCGTCAATTCCTTTGAGTTTCAGCCTTGCGGCCGTACTCCCCAGGCGGAGTGCTTAATGCGTTTACTGCAGCACTAAAGGGCGGAAACCCTCTAACACTTAGCACTCATCGTTTACGGCGTGGACTAC,Bacillus,Bacillus_CGGGACTTAACCCAACATCTCACGACACGAGCTGACGACAACCATGCACCACCTGTCACTCTGTCCCCCGAAGGGGAACGTCCTATCTCTAGGATTGTCAGAGGATGTCAAGACCTGGTAAGGTTCTTCGCGTTGCTTCGAATTAAACCACATGCTCCACCGCTTGTGCGGGTCCCCGTCAATTCCTTTGAGTTTCAGCCTTGCGGCCGTACTCCCCAGGCGGAGTGCTTAATGCGTTTACTGCAGCACTAAAGGGCGGAAACCCTCTAACACTTAGCACTCATCGTTTACGGCGTGGACTAC
3,CGGGACTTAACCCAACATCTCACGACACGAGCTGACGACAGCCATGCAGCACCTGTCTCCGGTCCAGCCGAACTGAAGGATTCCGTCTCTGGAATCCGCGACCGGGATGTCAAGGGCTGGTAAGGTTCTTCGCGTTGCGTCGAATTAAACCACATGCTCCACCGCTTGTGCGGGCCCCCGTCAATTCCTTTGAGTTTTAATCTTGCGACCGTACTCCCCAGGCGGAATGCTTAAAGCGTTAGCTGCGCCACTAGTGAGTAAACCCACTAACGGCTGGCATTCATCGTTTACGGCGTGGACTAC,Bradyrhizobium,Bradyrhizobium_CGGGACTTAACCCAACATCTCACGACACGAGCTGACGACAGCCATGCAGCACCTGTCTCCGGTCCAGCCGAACTGAAGGATTCCGTCTCTGGAATCCGCGACCGGGATGTCAAGGGCTGGTAAGGTTCTTCGCGTTGCGTCGAATTAAACCACATGCTCCACCGCTTGTGCGGGCCCCCGTCAATTCCTTTGAGTTTTAATCTTGCGACCGTACTCCCCAGGCGGAATGCTTAAAGCGTTAGCTGCGCCACTAGTGAGTAAACCCACTAACGGCTGGCATTCATCGTTTACGGCGTGGACTAC
6,CGGGACTTAACCCAACATCTCACGACACGAGCTGACGACAACCATGCACCACCTGTCACCGTTGTCCCCGAAGGGAAAACTGTATCTCTACAGTGGTCAATGGGATGTCAAGACCTGGTAAGGTTCTTCGCGTTGCTTCGAATTAAACCACATGCTCCACCGCTTGTGCGGGCCCCCGTCAATTCCTTTGAGTTTCAGTCTTGCGACCGTACTCCCCAGGCGGAGTGCTTAATGCGTTAGCTGCAGCACTAAGGGGCGGAAACCCCCTAACACTTAGCACTCATCGTTTACGGCGTGGACTAC,Lysinibacillus,Lysinibacillus_CGGGACTTAACCCAACATCTCACGACACGAGCTGACGACAACCATGCACCACCTGTCACCGTTGTCCCCGAAGGGAAAACTGTATCTCTACAGTGGTCAATGGGATGTCAAGACCTGGTAAGGTTCTTCGCGTTGCTTCGAATTAAACCACATGCTCCACCGCTTGTGCGGGCCCCCGTCAATTCCTTTGAGTTTCAGTCTTGCGACCGTACTCCCCAGGCGGAGTGCTTAATGCGTTAGCTGCAGCACTAAGGGGCGGAAACCCCCTAACACTTAGCACTCATCGTTTACGGCGTGGACTAC
7,CGGGACTTAACCCAACATCTCACGACACGAGCTGACGACAGCCATGCACCACCTGTGTACCGCCCCGAAGGACACCCTATCTCTAGAGCTTTTCGGTACATGTCAAACCCAGGTAAGGTTCTTCGCGTTGCATCGAATTAAGCAACACGCTCCGCTGCTTGTGCGGGCCCCCGTCAATTCCTTTGAGTTTTAGTCTTGCGACCGTACTCCCCAGGCGGGGCACTTAATGCGTTAGCGACGGCGCGGATCTCGTTGGTTGAGACCCACACCTAGTGCCCAACGTTTACGGCATGGACTAC,Ilumatobacter,Ilumatobacter_CGGGACTTAACCCAACATCTCACGACACGAGCTGACGACAGCCATGCACCACCTGTGTACCGCCCCGAAGGACACCCTATCTCTAGAGCTTTTCGGTACATGTCAAACCCAGGTAAGGTTCTTCGCGTTGCATCGAATTAAGCAACACGCTCCGCTGCTTGTGCGGGCCCCCGTCAATTCCTTTGAGTTTTAGTCTTGCGACCGTACTCCCCAGGCGGGGCACTTAATGCGTTAGCGACGGCGCGGATCTCGTTGGTTGAGACCCACACCTAGTGCCCAACGTTTACGGCATGGACTAC
9,CGGGACTTAACCCAACATCTCACGACACGAGCTGACGACAGCCATGCACCACCTGTGATCGAGTCCCGAAGGAGGGCCGTATTTCTACGGCTTTCCCGACCATGTCAAGCCTTGGTAAGGTTCTTCGCGTTGCGTCGAATTAAACCACATGCTCCGCTGCTTGTGCGGGCCCCCGTCAATTCCTTTGAGTTTTAGCCTTGCGGCCGTACTCCCCAGGCGGGGTGCTTAATGCGTTAGCTTCGGCACGGAGGGAGTCGACACCCCCCACACCTAGCACCCATCGTTTACGGCGTGGACTAC,Gaiella,Gaiella_CGGGACTTAACCCAACATCTCACGACACGAGCTGACGACAGCCATGCACCACCTGTGATCGAGTCCCGAAGGAGGGCCGTATTTCTACGGCTTTCCCGACCATGTCAAGCCTTGGTAAGGTTCTTCGCGTTGCGTCGAATTAAACCACATGCTCCGCTGCTTGTGCGGGCCCCCGTCAATTCCTTTGAGTTTTAGCCTTGCGGCCGTACTCCCCAGGCGGGGTGCTTAATGCGTTAGCTTCGGCACGGAGGGAGTCGACACCCCCCACACCTAGCACCCATCGTTTACGGCGTGGACTAC
11,CGGGACTTAACCCAACATCTCACGACACGAGCTGACGACAACCATGCACCACCTGTCACTCTGTCCCCCGAAGGGGAAGGTCCTATCTCTAGGATGGTCAGAGGATGTCAAGACCTGGTAAGGTTCTTCGCGTTGCTTCGAATTAAACCACATGCTCCACCGCTTGTGCGGGTCCCCGTCAATTCCTTTGAGTTTCAGCCTTGCGGCCGTACTCCCCAGGCGGAGTGCTTAATGCGTTTGCTGCAGCACTAAAGGGCGGAAACCCTCTAACACTTAGCACTCATCGTTTACGGCGTGGACTAC,Bacillus,Bacillus_CGGGACTTAACCCAACATCTCACGACACGAGCTGACGACAACCATGCACCACCTGTCACTCTGTCCCCCGAAGGGGAAGGTCCTATCTCTAGGATGGTCAGAGGATGTCAAGACCTGGTAAGGTTCTTCGCGTTGCTTCGAATTAAACCACATGCTCCACCGCTTGTGCGGGTCCCCGTCAATTCCTTTGAGTTTCAGCCTTGCGGCCGTACTCCCCAGGCGGAGTGCTTAATGCGTTTGCTGCAGCACTAAAGGGCGGAAACCCTCTAACACTTAGCACTCATCGTTTACGGCGTGGACTAC
13,CGGGACTTAACCCAACATCTCACGACACGAGCTGACGACAGCCATGCAGCACCTGTGTTCCGGCCAGCCGAACTGAAGGAACCTGTCTCCAGGATCCAAACCGGACATGTCAAAGGCTGGTAAGGTTCTGCGCGTTGCTTCGAATTAAACCACATGCTCCACCGCTTGTGCGGGCCCCCGTCAATTCCTTTGAGTTTTAATCTTGCGACCGTACTCCCCAGGCGGAATGCTTAAAGCGTTAGCTGCGCCACTGAGCAGCAAGCTGCCCAACGGCTGGCATTCATCGTTTACGGCGTGGACTAC,Microvirga,Microvirga_CGGGACTTAACCCAACATCTCACGACACGAGCTGACGACAGCCATGCAGCACCTGTGTTCCGGCCAGCCGAACTGAAGGAACCTGTCTCCAGGATCCAAACCGGACATGTCAAAGGCTGGTAAGGTTCTGCGCGTTGCTTCGAATTAAACCACATGCTCCACCGCTTGTGCGGGCCCCCGTCAATTCCTTTGAGTTTTAATCTTGCGACCGTACTCCCCAGGCGGAATGCTTAAAGCGTTAGCTGCGCCACTGAGCAGCAAGCTGCCCAACGGCTGGCATTCATCGTTTACGGCGTGGACTAC
14,CGGGACTTAACCCAACATCTCACGACACGAGCTGACGACAGCCATGCAGCACCTTCACAACAGCCATTGCTGGAACACCCATTTCTGAATGCGTCTATTGTGATTTAGCCCAGGTAAGGTTCCTCGCGTATCATCGAATTAAACCACATGCTCCACCGCTTGTGCGGACCCCCGTCAATTCCTTTGAGTTTCACCGTTGCCGGCGTACTCCCCAGGTGGAGGACTTAACGGTTTCCCTAAGCCGCTGAACCTTGACAGCCCAACAGCGAGTCCTCATCGTTTACGGCATGGACTAC,Dyadobacter,Dyadobacter_CGGGACTTAACCCAACATCTCACGACACGAGCTGACGACAGCCATGCAGCACCTTCACAACAGCCATTGCTGGAACACCCATTTCTGAATGCGTCTATTGTGATTTAGCCCAGGTAAGGTTCCTCGCGTATCATCGAATTAAACCACATGCTCCACCGCTTGTGCGGACCCCCGTCAATTCCTTTGAGTTTCACCGTTGCCGGCGTACTCCCCAGGTGGAGGACTTAACGGTTTCCCTAAGCCGCTGAACCTTGACAGCCCAACAGCGAGTCCTCATCGTTTACGGCATGGACTAC
15,CGGGACTTAACCCAACATCTCACGACACGAGCTGACGACAACCATGCACCACCTGTACACCAGCCACAAAGGGGGCTCCCATCTCTGGAAGTTTCCGGTGTATGTCAAGCCTTGGTAAGGTTCTTCGCGTTGCATCGAATTAATCCGCATGCTCCGCCGCTTGTGCGGGCCCCCGTCAATTCCTTTGAGTTTTAGCCTTGCGGCCGTACTCCCCAGGCGGGGCGCTTAATGCGTTAGCTGCGGCACGGACCCCGTGGAATGGGACCCACACCTAGCGCCCAACGTTTACGGCGTGGACTAC,Ornithinimicrobium,Ornithinimicrobium_CGGGACTTAACCCAACATCTCACGACACGAGCTGACGACAACCATGCACCACCTGTACACCAGCCACAAAGGGGGCTCCCATCTCTGGAAGTTTCCGGTGTATGTCAAGCCTTGGTAAGGTTCTTCGCGTTGCATCGAATTAATCCGCATGCTCCGCCGCTTGTGCGGGCCCCCGTCAATTCCTTTGAGTTTTAGCCTTGCGGCCGTACTCCCCAGGCGGGGCGCTTAATGCGTTAGCTGCGGCACGGACCCCGTGGAATGGGACCCACACCTAGCGCCCAACGTTTACGGCGTGGACTAC
16,CGGGACTTAACCCAACATCTCACGACACGAGCTGACGACAGCCATGCAGCACCTGTGTCCACGTCCCGAAGGAAGGAAACCGTCTCCGGTAACCGTCGTGGCATGTCAAGAGCTGGTAAGGTTCTGCGCGTTGCTTCGAATTAAACCACATGCTCCACCGCTTGTGCGGGCCCCCGTCAATTCCTTTGAGTTTTAATCTTGCGACCGTACTCCCCAGGCGGGAAGCTTAATGCGTTGGCTGCGCCACCGAGTGATAAATCACCCGACGGCTAGCTTCCATCGTTTACGGCGTGGACTAC,Aureimonas,Aureimonas_CGGGACTTAACCCAACATCTCACGACACGAGCTGACGACAGCCATGCAGCACCTGTGTCCACGTCCCGAAGGAAGGAAACCGTCTCCGGTAACCGTCGTGGCATGTCAAGAGCTGGTAAGGTTCTGCGCGTTGCTTCGAATTAAACCACATGCTCCACCGCTTGTGCGGGCCCCCGTCAATTCCTTTGAGTTTTAATCTTGCGACCGTACTCCCCAGGCGGGAAGCTTAATGCGTTGGCTGCGCCACCGAGTGATAAATCACCCGACGGCTAGCTTCCATCGTTTACGGCGTGGACTAC
17,CGGGACTTAACCCAACATCTCACGACACGAGCTGACGACAGCCATGCAGCATCTGTGCACCACCCTCGAAGGCGACTTCCTTTCAGAAGCTTGCAGGTGCATGTCAAACCTGGGTAAGGTTCTGCGCGTTGCGTCGAATTAAACCACACGCTCCGCTGCTTGTGCGGGCCCCCGTCAATTCCTTTGAGTTTTAAGCTTGCGCTCGTAGTTCCCAGGCGGGCCACTTCCCGCGTTAGCTAAGGCCCCCAAAGACGGAGATTCCGCCTCCAAAGGCCGAGTGGCCATCGTTTACGGCGTGGACTAC,Roseiflexaceae,Roseiflexaceae_CGGGACTTAACCCAACATCTCACGACACGAGCTGACGACAGCCATGCAGCATCTGTGCACCACCCTCGAAGGCGACTTCCTTTCAGAAGCTTGCAGGTGCATGTCAAACCTGGGTAAGGTTCTGCGCGTTGCGTCGAATTAAACCACACGCTCCGCTGCTTGTGCGGGCCCCCGTCAATTCCTTTGAGTTTTAAGCTTGCGCTCGTAGTTCCCAGGCGGGCCACTTCCCGCGTTAGCTAAGGCCCCCAAAGACGGAGATTCCGCCTCCAAAGGCCGAGTGGCCATCGTTTACGGCGTGGACTAC
20,CGGGACTTAACCCAACATCTCACGACACGAGCTGACGACAACCATGCACCACCTGTCTCCTCTGTCCCGAAGGCCGCACCTATCTCTAGGTGATTCAGAGGGATGTCAAGAGCTGGTAAGGTTCTTCGCGTTGCTTCGAATTAAACCACATACTCCACTGCTTGTGCGGGTCCCCGTCAATTCCTTTGAGTTTCACTCTTGCGAGCGTACTCCCCAGGCGGAATGCTTAATGTGTTAACTTCGGCACCAAGGGTATTGAAACCCCTAACACCTAGCATTCATCGTTTACGGCGTGGACTAC,Paenibacillus,Paenibacillus_CGGGACTTAACCCAACATCTCACGACACGAGCTGACGACAACCATGCACCACCTGTCTCCTCTGTCCCGAAGGCCGCACCTATCTCTAGGTGATTCAGAGGGATGTCAAGAGCTGGTAAGGTTCTTCGCGTTGCTTCGAATTAAACCACATACTCCACTGCTTGTGCGGGTCCCCGTCAATTCCTTTGAGTTTCACTCTTGCGAGCGTACTCCCCAGGCGGAATGCTTAATGTGTTAACTTCGGCACCAAGGGTATTGAAACCCCTAACACCTAGCATTCATCGTTTACGGCGTGGACTAC
23,CGGGACTTAACCCAACACCTCACGGCACGAGCTGACGACGGCCATGCAGCACCTTGCTTTGTGTCCCGAAGGAAAGGCTCATCTCTGAGCCGGTCACGCGCATTCTAGCCTAGGTAAGGTTCCTCGCGTATCATCGAATTAAACCACATGCTCCACCACTTGTGCGGGCCCCCGTCAATTCCTTTGAGTTTCACTCTTGCGAGCGTACTCCCCAGGTGGGATACTTAACGCTTTCGCTAAGTCACTAACAGTGTATCGCTAGCAACGAGTATCCATCGTTTACGGCGTGGACTAC,Hymenobacter,Hymenobacter_CGGGACTTAACCCAACACCTCACGGCACGAGCTGACGACGGCCATGCAGCACCTTGCTTTGTGTCCCGAAGGAAAGGCTCATCTCTGAGCCGGTCACGCGCATTCTAGCCTAGGTAAGGTTCCTCGCGTATCATCGAATTAAACCACATGCTCCACCACTTGTGCGGGCCCCCGTCAATTCCTTTGAGTTTCACTCTTGCGAGCGTACTCCCCAGGTGGGATACTTAACGCTTTCGCTAAGTCACTAACAGTGTATCGCTAGCAACGAGTATCCATCGTTTACGGCGTGGACTAC
24,CGGGACTTAACCCAACATCTCACGACACGAGCTGACGACAGCCATGCAGCACCTGTGCTCCGGTCCCCGAAGGGAACTCCAAATCTCTCTGGATAGCCGGACATGTCAAGGGCTGGTAAGGTTCTGCGCGTTGCTTCGAATTAAACCACATGCTCCACCGCTTGTGCGGGCCCCCGTCAATTCCTTTGAGTTTTAATCTTGCGACCGTACTCCCCAGGCGGAATGTTTAATGCGTTAGCTGCGCCACCGAACAGTAAACTGCCCGACGGCTAACATTCATCGTTTACGGCGTGGACTAC,Allorhizobium-Neorhizobium-Pararhizobium-Rhizobium,Allorhizobium-Neorhizobium-Pararhizobium-Rhizobium_CGGGACTTAACCCAACATCTCACGACACGAGCTGACGACAGCCATGCAGCACCTGTGCTCCGGTCCCCGAAGGGAACTCCAAATCTCTCTGGATAGCCGGACATGTCAAGGGCTGGTAAGGTTCTGCGCGTTGCTTCGAATTAAACCACATGCTCCACCGCTTGTGCGGGCCCCCGTCAATTCCTTTGAGTTTTAATCTTGCGACCGTACTCCCCAGGCGGAATGTTTAATGCGTTAGCTGCGCCACCGAACAGTAAACTGCCCGACGGCTAACATTCATCGTTTACGGCGTGGACTAC
25,CGGGACTTAACCCAACATCTCACGACACGAGCTGACGACAGCCATGCAGCACCTGTGGCGGCCCCCCGAGGGGAAGCCCGGGTCTCCCCGGGCCGCGGCCGCCATGTCAAGGGCTGGTAAGGTTCTGCGCGTTGCGTCGAATTAAACCACATGCTCCACCGCTTGTGCGGGCCCCCGTCAATTCCTTTGAGTTTTAACCTTGCGGCCGTACTCCCCAGGCGGTGCGCTTACCGCGTTGGCTCCGGCACCGAGGGGCAAGCCCCCCGACGCCCAGCGCACATCGTTTAGGGCGTGGACTAC,Candidatus Alysiosphaera,Candidatus Alysiosphaera_CGGGACTTAACCCAACATCTCACGACACGAGCTGACGACAGCCATGCAGCACCTGTGGCGGCCCCCCGAGGGGAAGCCCGGGTCTCCCCGGGCCGCGGCCGCCATGTCAAGGGCTGGTAAGGTTCTGCGCGTTGCGTCGAATTAAACCACATGCTCCACCGCTTGTGCGGGCCCCCGTCAATTCCTTTGAGTTTTAACCTTGCGGCCGTACTCCCCAGGCGGTGCGCTTACCGCGTTGGCTCCGGCACCGAGGGGCAAGCCCCCCGACGCCCAGCGCACATCGTTTAGGGCGTGGACTAC
26,CGGGACTTAACCCAACATCTCACGACACGAGCTGACGACAGCCATGCACCACCTGTATAGAGCCCTTACGGACCTCCTGTCTCCAGGAGATTTCCCTATATGTCAAACCTAGGTAAGGTTCTTCGCGTTGCATCGAATTAATCCGCATGCTCCGCCGCTTGTGCGGGCCCCCGTCAATTCCTTTGAGTTTTAGCCTTGCGGCCGTACTCCCCAGGCGGGGCGCTTAATGCGTTAGCTGCGGCACGGAACTCGTGGAATGAGTCCCACACCTAGCGCCCAACGTTTACGGTGTGGACTAC,Marmoricola,Marmoricola_CGGGACTTAACCCAACATCTCACGACACGAGCTGACGACAGCCATGCACCACCTGTATAGAGCCCTTACGGACCTCCTGTCTCCAGGAGATTTCCCTATATGTCAAACCTAGGTAAGGTTCTTCGCGTTGCATCGAATTAATCCGCATGCTCCGCCGCTTGTGCGGGCCCCCGTCAATTCCTTTGAGTTTTAGCCTTGCGGCCGTACTCCCCAGGCGGGGCGCTTAATGCGTTAGCTGCGGCACGGAACTCGTGGAATGAGTCCCACACCTAGCGCCCAACGTTTACGGTGTGGACTAC
27,CGGGACTTAACCCAACATCTCACGACACGAGCTGACGACAACCATGCACCACCTGTCTCCATTGCCCCGAAGGGAAGGTCCCGTTACGGACCGGTCAATGGGATGTCAAGACCTGGTAAGGTTCTTCGCGTTGCTTCGAATTAAACCACATGCTCCACCGCTTGTGCGGGTCCCCGTCAATTCCTTTGAGTTTCATTCTTGCGAACGTACTCCCCAGGTGGAATACTTATTGCGTTAGCTGCGGCACCGAGGTCAATTAAGACCCCGACACCTAGTATTCATCGTTTACGGCGTGGACTAC,Herbinix,Herbinix_CGGGACTTAACCCAACATCTCACGACACGAGCTGACGACAACCATGCACCACCTGTCTCCATTGCCCCGAAGGGAAGGTCCCGTTACGGACCGGTCAATGGGATGTCAAGACCTGGTAAGGTTCTTCGCGTTGCTTCGAATTAAACCACATGCTCCACCGCTTGTGCGGGTCCCCGTCAATTCCTTTGAGTTTCATTCTTGCGAACGTACTCCCCAGGTGGAATACTTATTGCGTTAGCTGCGGCACCGAGGTCAATTAAGACCCCGACACCTAGTATTCATCGTTTACGGCGTGGACTAC
28,CGGGACTTAACCCAACATCTCACGACACGAGCTGACGACAACCATGCACCACCTGTCTCCGATGCTCCGAAGAGGGGCCATATCTCTATGGCTTGCATCGGGATGTCAAGACCTGGTAAGGTTCTTCGCGTTGCTTCGAATTAAACCACATACTCCACTGCTTGTGCGGGTCCCCGTCAATTCCTTTGAGTTTCACTCTTGCGAGCGTACTCCCCAGGCGGAGTGCTTACTGTGTTTACTTCGGCACCAAGGGTATCGAAACCCCTAACACCTAGCACTCATCGTTTACGGCGTGGACTAC,Paenibacillus,Paenibacillus_CGGGACTTAACCCAACATCTCACGACACGAGCTGACGACAACCATGCACCACCTGTCTCCGATGCTCCGAAGAGGGGCCATATCTCTATGGCTTGCATCGGGATGTCAAGACCTGGTAAGGTTCTTCGCGTTGCTTCGAATTAAACCACATACTCCACTGCTTGTGCGGGTCCCCGTCAATTCCTTTGAGTTTCACTCTTGCGAGCGTACTCCCCAGGCGGAGTGCTTACTGTGTTTACTTCGGCACCAAGGGTATCGAAACCCCTAACACCTAGCACTCATCGTTTACGGCGTGGACTAC
29,CGGGACTTAACCCAACACCTCACGGCACGAGCTGACGACGGCCATGCAGCACCTTGCTTTGTGTCCCGAAGGAAAGGCTCATCTCTGAGCCGGTCACGCGCATTCTAGCCTAGGTAAGGTTCCTCGCGTATCATCGAATTAAACCACATGCTCCACCACTTGTGCGGGCCCCCGTCAATTCTTTTGAGTTTCACTCTTGCGAGCGTACTCCCCAGGTGGGATACTTAACGCTTTCGCTAAGCCAGTGACAGTCTGTCGCCACCAGCGAGTATCCATCGTTTACGGCGTGGACTAC,Hymenobacter,Hymenobacter_CGGGACTTAACCCAACACCTCACGGCACGAGCTGACGACGGCCATGCAGCACCTTGCTTTGTGTCCCGAAGGAAAGGCTCATCTCTGAGCCGGTCACGCGCATTCTAGCCTAGGTAAGGTTCCTCGCGTATCATCGAATTAAACCACATGCTCCACCACTTGTGCGGGCCCCCGTCAATTCTTTTGAGTTTCACTCTTGCGAGCGTACTCCCCAGGTGGGATACTTAACGCTTTCGCTAAGCCAGTGACAGTCTGTCGCCACCAGCGAGTATCCATCGTTTACGGCGTGGACTAC
30,CGGGACTTAACCCAACATCTCACGACACGAGCTGACGACGGCCATGCAGCACCTGTGTTCAGATTCTCTTTCGAGCACTCCCACATCTCTGCAGGATCTCTGACATGTCAAGGGTAGGTAAGGTTTTTCGCGTTGCATCGAATTAAACCACATCATCCACCGCTTGTGCGGGTCCCCGTCAATTCCTTTGAGTTTCAACCTTGCGGCCGTACTCCCCAGGCGGTCAACTTCACGCGTTAGCTTCGTTACTGAACAGCAAGCCGTCCAACAACCAGTTGACATCGTTTAGGGCGTGGACTAC,Rhizobacter,Rhizobacter_CGGGACTTAACCCAACATCTCACGACACGAGCTGACGACGGCCATGCAGCACCTGTGTTCAGATTCTCTTTCGAGCACTCCCACATCTCTGCAGGATCTCTGACATGTCAAGGGTAGGTAAGGTTTTTCGCGTTGCATCGAATTAAACCACATCATCCACCGCTTGTGCGGGTCCCCGTCAATTCCTTTGAGTTTCAACCTTGCGGCCGTACTCCCCAGGCGGTCAACTTCACGCGTTAGCTTCGTTACTGAACAGCAAGCCGTCCAACAACCAGTTGACATCGTTTAGGGCGTGGACTAC
31,CGGGACTTAACCCAACATCTCACGACACGAGCTGACGACAGCCATGCACCACCTGTGATCGAGTCCCGAAGGAGGGCTGAATTTCTCCAGCTTTCCCGACCATGTCAAGCCTTGGTAAGGTTCTTGGCGTCGCATCCAATTAAACCACATGCTCCGCTGCTTGTGCGGGCCCCCGTCAATTCCTTTGAGTTTTAGCCTTGCGGCCGTACTCCCCAGGCGGGGCGCTTAATGCGTTAGCTTCGGCACGGAAGGAGTCGACACCTCCCACACCTAGCGCCCATCGTTTACGGCGTGGACTAC,Gaiella,Gaiella_CGGGACTTAACCCAACATCTCACGACACGAGCTGACGACAGCCATGCACCACCTGTGATCGAGTCCCGAAGGAGGGCTGAATTTCTCCAGCTTTCCCGACCATGTCAAGCCTTGGTAAGGTTCTTGGCGTCGCATCCAATTAAACCACATGCTCCGCTGCTTGTGCGGGCCCCCGTCAATTCCTTTGAGTTTTAGCCTTGCGGCCGTACTCCCCAGGCGGGGCGCTTAATGCGTTAGCTTCGGCACGGAAGGAGTCGACACCTCCCACACCTAGCGCCCATCGTTTACGGCGTGGACTAC
34,CGGGACTTAACCCAACATCTCACGACACGAGCTGACGACAGCCATGCAGCACCTGTCTCACGGTTCCCGAAGGCACCAATCCATCTCTGGAAAGTTCCGTGGATGTCAAGGCCAGGTAAGGTTCTTCGCGTTGCATCGAATTAAACCACATACTCCACCGCTTGTGCGGGCCCCCGTCAATTCCTTTGAGTTTCAGTCTTGCGACCGTACTCCCCAGGCGGCGAACTTAACGCGTTAGCTTCGATACTGAGTGCCTAGTTGCACCCAACATCCAGTTCGCATCGTTTAGGGCGTGGACTAC,Luteimonas,Luteimonas_CGGGACTTAACCCAACATCTCACGACACGAGCTGACGACAGCCATGCAGCACCTGTCTCACGGTTCCCGAAGGCACCAATCCATCTCTGGAAAGTTCCGTGGATGTCAAGGCCAGGTAAGGTTCTTCGCGTTGCATCGAATTAAACCACATACTCCACCGCTTGTGCGGGCCCCCGTCAATTCCTTTGAGTTTCAGTCTTGCGACCGTACTCCCCAGGCGGCGAACTTAACGCGTTAGCTTCGATACTGAGTGCCTAGTTGCACCCAACATCCAGTTCGCATCGTTTAGGGCGTGGACTAC
36,CGGGACTTAACCCAACATCTCACGACACGAGCTGACGACAGCCATGCAGCACCTGTGTTAACGTTCTCTTTCGAGCACCAATCCATCTCTGGAAAGTTCGTTACATGTCAAGGCCAGGTAAGGTTTTTCGCGTTGCATCGAATTAATCCACATAATCCACCGCTTGTGCGGGCCCCCGTCAATTCATTTGAGTTTTAATCTTGCGACCGTACTCCCCAGGCGGTCTACTTCACGCGTTAGCTGCGTTACTCATGGATTTTACTCCACCAACAACTAGTAGACATCGTTTAGGGCGTGGACTAC,Methylotenera,Methylotenera_CGGGACTTAACCCAACATCTCACGACACGAGCTGACGACAGCCATGCAGCACCTGTGTTAACGTTCTCTTTCGAGCACCAATCCATCTCTGGAAAGTTCGTTACATGTCAAGGCCAGGTAAGGTTTTTCGCGTTGCATCGAATTAATCCACATAATCCACCGCTTGTGCGGGCCCCCGTCAATTCATTTGAGTTTTAATCTTGCGACCGTACTCCCCAGGCGGTCTACTTCACGCGTTAGCTGCGTTACTCATGGATTTTACTCCACCAACAACTAGTAGACATCGTTTAGGGCGTGGACTAC
37,CGGGACTTAACCCAACATCTCACGACACGAGCTGACGACAACCATGCACCACCTGTGAACCGGCCCCAAAAGGAGAAACCACATCTCTGCGGCGGTCCGGTCCATGTCAAGCCTTGGTAAGGTTCTTCGCGTTGCATCGAATTAATCCGCATGCTCCGCCGCTTGTGCGGGCCCCCGTCAATTCCTTTGAGTTTTAGCCTTGCGGCCGTACTCCCCAGGCGGGGCACTTAATGCGTTAGCTACGGCGCGGAAAACGTGGAATGTCCCCCACACCTAGTGCCCAACGTTTACGGCATGGACTAC,Arthrobacter,Arthrobacter_CGGGACTTAACCCAACATCTCACGACACGAGCTGACGACAACCATGCACCACCTGTGAACCGGCCCCAAAAGGAGAAACCACATCTCTGCGGCGGTCCGGTCCATGTCAAGCCTTGGTAAGGTTCTTCGCGTTGCATCGAATTAATCCGCATGCTCCGCCGCTTGTGCGGGCCCCCGTCAATTCCTTTGAGTTTTAGCCTTGCGGCCGTACTCCCCAGGCGGGGCACTTAATGCGTTAGCTACGGCGCGGAAAACGTGGAATGTCCCCCACACCTAGTGCCCAACGTTTACGGCATGGACTAC
39,CGGGACTTAACCCAACATCTCACGACACGAGCTGACGACAGCCATGCAGCACCTGTGTTCCAGTCCCCGAAGGGAAGAGATCCATCTCTGGAAATCGTCCGGACATGTCAAACGCTGGTAAGGTTCTGCGCGTTGCTTCGAATTAAACCACATGCTCCACCGCTTGTGCAGGCCCCCGTCAATTCCTTTGAGTTTTAATCTTGCGACCGTACTCCCCAGGCGGATAACTTAATGCGTTAGCTGCGCCACCCAAATGCCAAGCACCCGGACAGCTAGTTATCATCGTTTACGGCGTGGACTAC,Sphingomonas,Sphingomonas_CGGGACTTAACCCAACATCTCACGACACGAGCTGACGACAGCCATGCAGCACCTGTGTTCCAGTCCCCGAAGGGAAGAGATCCATCTCTGGAAATCGTCCGGACATGTCAAACGCTGGTAAGGTTCTGCGCGTTGCTTCGAATTAAACCACATGCTCCACCGCTTGTGCAGGCCCCCGTCAATTCCTTTGAGTTTTAATCTTGCGACCGTACTCCCCAGGCGGATAACTTAATGCGTTAGCTGCGCCACCCAAATGCCAAGCACCCGGACAGCTAGTTATCATCGTTTACGGCGTGGACTAC
40,CGGGACTTAACCCAACATCTCACGACACGAGCTGACGACAGCCATGCAGCACCTGTGTCCAAGTCCCCGAAGGGAAGAAATCCATCTCTGGAAGTCGTCTTGGCATGTCAAGGGCTGGTAAGGTTCTTCGCGTTGCTTCGAATTAAACCACATGCTCCACCGCTTGTGCGGGCCCCCGTCAATTCCTTTGAGTTTTAATCTTGCGACCGTACTCCCCAGGCGGAGAGCTTAATGCGTTAGCTGCGCCACTGAAGAGTAAACTCTCCAACGGCTAGCTCTCATAGTTTACGGCGTGGACTAC,Devosia,Devosia_CGGGACTTAACCCAACATCTCACGACACGAGCTGACGACAGCCATGCAGCACCTGTGTCCAAGTCCCCGAAGGGAAGAAATCCATCTCTGGAAGTCGTCTTGGCATGTCAAGGGCTGGTAAGGTTCTTCGCGTTGCTTCGAATTAAACCACATGCTCCACCGCTTGTGCGGGCCCCCGTCAATTCCTTTGAGTTTTAATCTTGCGACCGTACTCCCCAGGCGGAGAGCTTAATGCGTTAGCTGCGCCACTGAAGAGTAAACTCTCCAACGGCTAGCTCTCATAGTTTACGGCGTGGACTAC
41,CGGGACTTAACCCAACATCTCACGACACGAGCTGACGACAGCCATGCACCACCTGTACACCGACTAAAAGGGGCTACATCTCTGCAGCTTTCCGGTGTATGTCAAACCCAGGTAAGGTTCTTCGCGTTGCATCGAATTAATCCGCATGCTCCGCCGCTTGTGCGGGCCCCCGTCAATTCCTTTGAGTTTTAGCCTTGCGGCCGTACTCCCCAGGCGGGGCGCTTAATGCGTTAGCTGCGGCACGGAACCCATGGAATAGGCCCCACACCTAGCGCCCAACGTTTACGGTGTGGACTAC,Nocardioides,Nocardioides_CGGGACTTAACCCAACATCTCACGACACGAGCTGACGACAGCCATGCACCACCTGTACACCGACTAAAAGGGGCTACATCTCTGCAGCTTTCCGGTGTATGTCAAACCCAGGTAAGGTTCTTCGCGTTGCATCGAATTAATCCGCATGCTCCGCCGCTTGTGCGGGCCCCCGTCAATTCCTTTGAGTTTTAGCCTTGCGGCCGTACTCCCCAGGCGGGGCGCTTAATGCGTTAGCTGCGGCACGGAACCCATGGAATAGGCCCCACACCTAGCGCCCAACGTTTACGGTGTGGACTAC
43,CGGGACTTAACCCAACATCTCACGACACGAGCTGACGACAGCCATGCAGCACCTGTGTTACGGCTCTCTTTCGAGCACGCCCGAATCTCTCCGGGCTTCCGTACATGTCAAGGGTAGGTAAGGTTTTTCGCGTTGCATCGAATTAATCCACATCATCCACCGCTTGTGCGGGTCCCCGTCAATTCCTTTGAGTTTTAATCTTGCGACCGTACTCCCCAGGCGGTCAACTTCACGCGTTAGCTGCGTTACCAAGTCAATTAAGACCCGACAACTAGTTGACATCGTTTAGGGCGTGGACTAC,Noviherbaspirillum,Noviherbaspirillum_CGGGACTTAACCCAACATCTCACGACACGAGCTGACGACAGCCATGCAGCACCTGTGTTACGGCTCTCTTTCGAGCACGCCCGAATCTCTCCGGGCTTCCGTACATGTCAAGGGTAGGTAAGGTTTTTCGCGTTGCATCGAATTAATCCACATCATCCACCGCTTGTGCGGGTCCCCGTCAATTCCTTTGAGTTTTAATCTTGCGACCGTACTCCCCAGGCGGTCAACTTCACGCGTTAGCTGCGTTACCAAGTCAATTAAGACCCGACAACTAGTTGACATCGTTTAGGGCGTGGACTAC
44,CGGGACTTAACCCAACATCTCACGACACGAGCTGACGACAACCATGCACCACCTGTCATCCTGTCCCCGAAGGGACTTCCTCGATTAAGAGTAATGCAGGAGATGTCAAGTCTAGGTAAGGTTCTTCGCGTTGCTTCGAATTAAACCACATGCTCCGCTGCTTGTGCGGGCCCCCGTCAATTCCTTTGAGTTTTAATCTTGCGACCGTACTCCCCAGGCGGAATACTTAATGCGTTAGCGGCGGCACAGAGGTCATGACAACCCCTACACCTAGTATTCATCGTTTACGGCGTGGACTAC,Clostridium sensu stricto 1,Clostridium sensu stricto 1_CGGGACTTAACCCAACATCTCACGACACGAGCTGACGACAACCATGCACCACCTGTCATCCTGTCCCCGAAGGGACTTCCTCGATTAAGAGTAATGCAGGAGATGTCAAGTCTAGGTAAGGTTCTTCGCGTTGCTTCGAATTAAACCACATGCTCCGCTGCTTGTGCGGGCCCCCGTCAATTCCTTTGAGTTTTAATCTTGCGACCGTACTCCCCAGGCGGAATACTTAATGCGTTAGCGGCGGCACAGAGGTCATGACAACCCCTACACCTAGTATTCATCGTTTACGGCGTGGACTAC
45,CGGGACTTAACCCAACATCTCACGACACGAGCTGACGACAGCCATGCAGCACCTGTTTTCAAGGCCCCGAAAGGCACCCCACTGTTTCCAGCGGGTTCTATCAATGTCAAGTCTGGGTAAGGTTCTTCGCGTTGCGTCGAATTAAACCACATGCTCCACCGCTTGTGCGGGCCCCCGTCAATTCCTTTGAGTTTTAGCCTTGCGGCCGTACTTCCCAGGCGGGATACTTAATGCGTTAGCGACGGCACTGCAGGGGTCAATACCCGCAATACCTAGTATCCATCGTTTACGGCGTGGACTAC,P3OB-42,P3OB-42_CGGGACTTAACCCAACATCTCACGACACGAGCTGACGACAGCCATGCAGCACCTGTTTTCAAGGCCCCGAAAGGCACCCCACTGTTTCCAGCGGGTTCTATCAATGTCAAGTCTGGGTAAGGTTCTTCGCGTTGCGTCGAATTAAACCACATGCTCCACCGCTTGTGCGGGCCCCCGTCAATTCCTTTGAGTTTTAGCCTTGCGGCCGTACTTCCCAGGCGGGATACTTAATGCGTTAGCGACGGCACTGCAGGGGTCAATACCCGCAATACCTAGTATCCATCGTTTACGGCGTGGACTAC
47,CGGGACTTAACCCAACATCTCACGACACGAGCTGACGACAGCCATGCAGCACCTGTGTCCCGACCCATTGCTGGGAGGAATCCGTTTCCGGAAACCGTCCGGGCATGTCAAGGCTTGGTAAGGTTCTTCGCGTTGCGTCGAATTGAACCACATGCTCCACCGCTTGTGCGGGCCCCCGTCAATTCCTTTGAGTTTTAACCTTGCGGCCGTACTCCCCAGGCGGGATGCTTAATGCGTTAGCTGCGCCACCGACAAGCAAGCTTGCCAACGGCTAGCATCCATCGTTTACGGCGTGGACTAC,Pedomicrobium,Pedomicrobium_CGGGACTTAACCCAACATCTCACGACACGAGCTGACGACAGCCATGCAGCACCTGTGTCCCGACCCATTGCTGGGAGGAATCCGTTTCCGGAAACCGTCCGGGCATGTCAAGGCTTGGTAAGGTTCTTCGCGTTGCGTCGAATTGAACCACATGCTCCACCGCTTGTGCGGGCCCCCGTCAATTCCTTTGAGTTTTAACCTTGCGGCCGTACTCCCCAGGCGGGATGCTTAATGCGTTAGCTGCGCCACCGACAAGCAAGCTTGCCAACGGCTAGCATCCATCGTTTACGGCGTGGACTAC
49,CGGGACTTAACCCAACATCTCACGACACGAGCTGACGACAGCCATGCAGCACCTGTGCACCTGTCCCGAAGGAATGGCACCGTCTCCGGTACCGTCAGGGCATGTCAAGGGCTGGTAAGGTTCTGCGCGTTGCTTCGAATTAAACCACATGCTCCACCGCTTGTGCGGGCCCCCGTCAATTCCTTTGAGTTTTAATCTTGCGACCGTACTCCCCAGGCGGGAAGCTTAATGCGTTTGCTGCGCCACCGAAAGGTAAACCCCCCGACGGCTAGCTTCCATCGTTTACGGCGTGGACTAC,Aureimonas,Aureimonas_CGGGACTTAACCCAACATCTCACGACACGAGCTGACGACAGCCATGCAGCACCTGTGCACCTGTCCCGAAGGAATGGCACCGTCTCCGGTACCGTCAGGGCATGTCAAGGGCTGGTAAGGTTCTGCGCGTTGCTTCGAATTAAACCACATGCTCCACCGCTTGTGCGGGCCCCCGTCAATTCCTTTGAGTTTTAATCTTGCGACCGTACTCCCCAGGCGGGAAGCTTAATGCGTTTGCTGCGCCACCGAAAGGTAAACCCCCCGACGGCTAGCTTCCATCGTTTACGGCGTGGACTAC
50,CGGGACTTAACCCAACATCTCACGACACGAGCTGACGACAGCCATGCAGCACCTGTGTGCGCGCCCCCGAAGGGGACCCCAGATCTCTCTGGGTAACACGCCATGTCAAAGGATGGTAAGGTTCTGCGCGTTGCTTCGAATTAAACCACATGCTCCACCGCTTGTGCGGGCCCCCGTCAATTCCTTTGAGTTTTAATCTTGCGACCGTACTCCCCAGGCGGAATGCTCAAAGCGTTAGCTGCGCTACTGCGGTGCAAGCACCCCAACAGCTGGCATTCATCGTTTACGGCGTGGACTAC,Methylobacterium-Methylorubrum,Methylobacterium-Methylorubrum_CGGGACTTAACCCAACATCTCACGACACGAGCTGACGACAGCCATGCAGCACCTGTGTGCGCGCCCCCGAAGGGGACCCCAGATCTCTCTGGGTAACACGCCATGTCAAAGGATGGTAAGGTTCTGCGCGTTGCTTCGAATTAAACCACATGCTCCACCGCTTGTGCGGGCCCCCGTCAATTCCTTTGAGTTTTAATCTTGCGACCGTACTCCCCAGGCGGAATGCTCAAAGCGTTAGCTGCGCTACTGCGGTGCAAGCACCCCAACAGCTGGCATTCATCGTTTACGGCGTGGACTAC
51,CGGGACTTAACCCAACATCTCACGACACGAGCTGACGACAACCATGCACCACCTGTCACCTCTGTCCCGAAGGCCGCCTCTATCTCTAGAGGATTCAGAGGGATGTCAAGACTTGGTAAGGTTCTTCGCGTTGCTTCGAATTAAACCACATACTCCACTGCTTGTGCGGGTCCCCGTCAATTCCTTTGAGTTTCAGTCTTGCGACCGTACTCCCCAGGCGGAATGCTTAATGTGTTAACTTCGGCACCAAGGGTATCGAAACCCCTAACACCTAGCATTCATCGTTTACGGCGTGGACTAC,Paenibacillus,Paenibacillus_CGGGACTTAACCCAACATCTCACGACACGAGCTGACGACAACCATGCACCACCTGTCACCTCTGTCCCGAAGGCCGCCTCTATCTCTAGAGGATTCAGAGGGATGTCAAGACTTGGTAAGGTTCTTCGCGTTGCTTCGAATTAAACCACATACTCCACTGCTTGTGCGGGTCCCCGTCAATTCCTTTGAGTTTCAGTCTTGCGACCGTACTCCCCAGGCGGAATGCTTAATGTGTTAACTTCGGCACCAAGGGTATCGAAACCCCTAACACCTAGCATTCATCGTTTACGGCGTGGACTAC
52,CGGGACTTAACCCAACATCTCACGACACGAGCTGACGACAGCCATGCACCACCTGTACACGATCCCGTAAGGACCCGACATCTCTGCCGGATTACCGTGTATGTCAAGCCTTGGTAAGGTTCTTCGCGTTGCGTCGAATTAAGCCACATGCTCCGCCGCTTGTGCGGGCCCCCGTCAATTCCTTTGAGTTTTAGCCTTGCGGCCGTACTCCCCAGGCGGGGCGCTTAATGCGTTAGCTACGGCACAGAGGACGTGGAATGTCCCCCACACCTAGCGCCCAACGTTTACGGCGTGGACTAC,Motilibacter,Motilibacter_CGGGACTTAACCCAACATCTCACGACACGAGCTGACGACAGCCATGCACCACCTGTACACGATCCCGTAAGGACCCGACATCTCTGCCGGATTACCGTGTATGTCAAGCCTTGGTAAGGTTCTTCGCGTTGCGTCGAATTAAGCCACATGCTCCGCCGCTTGTGCGGGCCCCCGTCAATTCCTTTGAGTTTTAGCCTTGCGGCCGTACTCCCCAGGCGGGGCGCTTAATGCGTTAGCTACGGCACAGAGGACGTGGAATGTCCCCCACACCTAGCGCCCAACGTTTACGGCGTGGACTAC
53,CGGGACTTAACCCAACATCTCACGACACGAGCTGACGACAGCCATGCACCACCTGTATACCGACCTTGCGGGGGCTACATCTCTGCAGCTTTCCGGTATATGTCAAACCTAGGTAAGGTTCTTCGCGTTGCATCGAATTAATCCGCATGCTCCGCCGCTTGTGCGGGCCCCCGTCAATTCCTTTGAGTTTTAGCCTTGCGGCCGTACTCCCCAGGCGGGGCACTTAATGCGTTAGCTACGGCACGGAACTCGTGGAATGAGTCCCACACCTAGTGCCCACCGTTTACGGCGTGGACTAC,Microlunatus,Microlunatus_CGGGACTTAACCCAACATCTCACGACACGAGCTGACGACAGCCATGCACCACCTGTATACCGACCTTGCGGGGGCTACATCTCTGCAGCTTTCCGGTATATGTCAAACCTAGGTAAGGTTCTTCGCGTTGCATCGAATTAATCCGCATGCTCCGCCGCTTGTGCGGGCCCCCGTCAATTCCTTTGAGTTTTAGCCTTGCGGCCGTACTCCCCAGGCGGGGCACTTAATGCGTTAGCTACGGCACGGAACTCGTGGAATGAGTCCCACACCTAGTGCCCACCGTTTACGGCGTGGACTAC
54,CGGGACTTAACCCAACATCTCACGACACGAGCTGACGACAACCATGCACCACCTGTCTCCGATGCTCCGAAGAGGGGCACTATCTCTAATGCTTTCATCGGGATGTCAAGACCTGGTAAGGTTCTTCGCGTTGCTTCGAATTAAACCACATACTCCACTGCTTGTGCGGGTCCCCGTCAATTCCTTTGAGTTTCAGTCTTGCGACCGTACTCCCCAGGCGGAGTGCTTACTGTGTTAACTTCGGCACCAAGGGTATCGAAACCCCTAACACCTAGCACTCATCGTTTACGGCGTGGACTAC,Paenibacillus,Paenibacillus_CGGGACTTAACCCAACATCTCACGACACGAGCTGACGACAACCATGCACCACCTGTCTCCGATGCTCCGAAGAGGGGCACTATCTCTAATGCTTTCATCGGGATGTCAAGACCTGGTAAGGTTCTTCGCGTTGCTTCGAATTAAACCACATACTCCACTGCTTGTGCGGGTCCCCGTCAATTCCTTTGAGTTTCAGTCTTGCGACCGTACTCCCCAGGCGGAGTGCTTACTGTGTTAACTTCGGCACCAAGGGTATCGAAACCCCTAACACCTAGCACTCATCGTTTACGGCGTGGACTAC
56,CGGGACTTAACCCAACATCTCACGACACGAGCTGACGACAACCATGCACCACCTGTCACTCTGTCCCCCGAAGGGGAACGCTCTATCTCTAGAGTTGTCAGAGGATGTCAAGACCTGGTAAGGTTCTTCGCGTTGCTTCGAATTAAACCACATGCTCCACCGCTTGTGCGGGCCCCCGTCAATTCCTTTGAGTTTCAGTCTTGCGACCGTACTCCCCAGGCGGAGTGCTTAATGCGTTAGCTGCAGCACTAAAGGGCGGAAACCCTCTAACACTTAGCACTCATCGTTTACGGCGTGGACTAC,Bacillus,Bacillus_CGGGACTTAACCCAACATCTCACGACACGAGCTGACGACAACCATGCACCACCTGTCACTCTGTCCCCCGAAGGGGAACGCTCTATCTCTAGAGTTGTCAGAGGATGTCAAGACCTGGTAAGGTTCTTCGCGTTGCTTCGAATTAAACCACATGCTCCACCGCTTGTGCGGGCCCCCGTCAATTCCTTTGAGTTTCAGTCTTGCGACCGTACTCCCCAGGCGGAGTGCTTAATGCGTTAGCTGCAGCACTAAAGGGCGGAAACCCTCTAACACTTAGCACTCATCGTTTACGGCGTGGACTAC
57,CGGGACTTAACCCAACATCTCACGACACGAGCTGACGACAGCCATGCAGCACCTGTAACGGCCCCCCGAAGGGAAGCCCCGCTCTCACGAGGCCGTAGCCGCCATGTCAAGGGCTGGTAAGGTTCTGCGCGTTGCGTCGAATTAAACCACATGCTCCACCGCTTGTGCGGGCCCCCGTCAATTCCTTTGAGTTTTAACCTTGCGGCCGTACTCCCCAGGCGGTGGGCTTACCGCGTTAGCTCCGGCACCGAGGGGCAAGCCCCCCGACGCCCAGCCCACATCGTTTAGGGCGTGGACTAC,Candidatus Alysiosphaera,Candidatus Alysiosphaera_CGGGACTTAACCCAACATCTCACGACACGAGCTGACGACAGCCATGCAGCACCTGTAACGGCCCCCCGAAGGGAAGCCCCGCTCTCACGAGGCCGTAGCCGCCATGTCAAGGGCTGGTAAGGTTCTGCGCGTTGCGTCGAATTAAACCACATGCTCCACCGCTTGTGCGGGCCCCCGTCAATTCCTTTGAGTTTTAACCTTGCGGCCGTACTCCCCAGGCGGTGGGCTTACCGCGTTAGCTCCGGCACCGAGGGGCAAGCCCCCCGACGCCCAGCCCACATCGTTTAGGGCGTGGACTAC
58,CAGGACTTAACCTAACACCTCACGGCACGAGCTGACGACAACCATGCAGCACCTTGAAAATTGCCCGAAGGAAGGTCTATTTCTAAACCGATCAATTCCCATTTAAGCCTTGGTAAGGTTCCTCGCGTATCATCGAATTAAACCACATAATCCACCGCTTGTGCGGGCCCCCGTCAATTCCTTTGAGTTTCATTCTTGCGAACGTACTCCCCAGGTGGCTAACTTATCACTTTCGCTTAGTCTCTGAATCCGAAAACCCAAAAACGAGTTAGCATCGTTTACGGCGTGGACTAC,Chryseobacterium,Chryseobacterium_CAGGACTTAACCTAACACCTCACGGCACGAGCTGACGACAACCATGCAGCACCTTGAAAATTGCCCGAAGGAAGGTCTATTTCTAAACCGATCAATTCCCATTTAAGCCTTGGTAAGGTTCCTCGCGTATCATCGAATTAAACCACATAATCCACCGCTTGTGCGGGCCCCCGTCAATTCCTTTGAGTTTCATTCTTGCGAACGTACTCCCCAGGTGGCTAACTTATCACTTTCGCTTAGTCTCTGAATCCGAAAACCCAAAAACGAGTTAGCATCGTTTACGGCGTGGACTAC
59,CGGGACTTAACCCAACATCTCACGACACGAGCTGACGACAGCCATGCAGCACCTGTGCGCCGGTTCTCTTTCGAGCACTCCCGCATCTCTGCAGGATTCCGACCATGTCAAGGGTAGGTAAGGTTTTTCGCGTTGCATCGAATTAATCCACATCATCCACCGCTTGTGCGGGTCCCCGTCAATTCCTTTGAGTTTTAATCTTGCGACCGTACTCCCCAGGCGGTCAACTTCACGCGTTAGCTGCGTTACCAAGTCAATTAAGACCCGACAACTAGTTGACATCGTTTAGGGCGTGGACTAC,Noviherbaspirillum,Noviherbaspirillum_CGGGACTTAACCCAACATCTCACGACACGAGCTGACGACAGCCATGCAGCACCTGTGCGCCGGTTCTCTTTCGAGCACTCCCGCATCTCTGCAGGATTCCGACCATGTCAAGGGTAGGTAAGGTTTTTCGCGTTGCATCGAATTAATCCACATCATCCACCGCTTGTGCGGGTCCCCGTCAATTCCTTTGAGTTTTAATCTTGCGACCGTACTCCCCAGGCGGTCAACTTCACGCGTTAGCTGCGTTACCAAGTCAATTAAGACCCGACAACTAGTTGACATCGTTTAGGGCGTGGACTAC
60,CGGGACTGAACCCAACATCTCACGACACGAGCTGACGACAACCATGCACCACCTGTCACCATTGCCCCGAAGGGAATCTCTATCTCTAGAGAGGTCAATGGGATGTCAAGCCTTGGTAAGGTTCTTCGCGTTGCTTCGAATTAAACCACATGCTCCACCGCTTGTGCGGGCCCCCGTCAATTCCTTTGAGTTTCAACCTTGCGGTCGTACTCCCCAGGCGGAGTGCTTAATGGGTTTCCTTCGGCACTGAGGACGTGATGCCCCCAACACCTAGCACTCATCGTTTACGGCGTGGACTAC,Shimazuella,Shimazuella_CGGGACTGAACCCAACATCTCACGACACGAGCTGACGACAACCATGCACCACCTGTCACCATTGCCCCGAAGGGAATCTCTATCTCTAGAGAGGTCAATGGGATGTCAAGCCTTGGTAAGGTTCTTCGCGTTGCTTCGAATTAAACCACATGCTCCACCGCTTGTGCGGGCCCCCGTCAATTCCTTTGAGTTTCAACCTTGCGGTCGTACTCCCCAGGCGGAGTGCTTAATGGGTTTCCTTCGGCACTGAGGACGTGATGCCCCCAACACCTAGCACTCATCGTTTACGGCGTGGACTAC
62,CGGGACTTAACCCAACATCTCACGACACGAGCTGACGACAACCATGCACCACCTGTGCACGACCCTTTAAAGGACCTGCCATCTCTGACAGATTTCCGTGCATGTCAAGCCTAGGTAAGGTTCTTCGCGTTGCATCGAATTAAGCAACATGCTCCGCCGCTTGTGCGGGCCCCCGTCAATTCCTTTGAGTTTTAGCCTTGCGGCCGTACTCCCCAGGCGGGGCGCTTAATGCGTTAGCTGCGGCACGGAGACCGTGGAATGGCCCCCACACCTAGCGCCCAACGTTTACGGCGTGGACTAC,Modestobacter,Modestobacter_CGGGACTTAACCCAACATCTCACGACACGAGCTGACGACAACCATGCACCACCTGTGCACGACCCTTTAAAGGACCTGCCATCTCTGACAGATTTCCGTGCATGTCAAGCCTAGGTAAGGTTCTTCGCGTTGCATCGAATTAAGCAACATGCTCCGCCGCTTGTGCGGGCCCCCGTCAATTCCTTTGAGTTTTAGCCTTGCGGCCGTACTCCCCAGGCGGGGCGCTTAATGCGTTAGCTGCGGCACGGAGACCGTGGAATGGCCCCCACACCTAGCGCCCAACGTTTACGGCGTGGACTAC
63,CGGGACTTAACCCAACATCTCACGACACGAGCTGACGACAGCCATGCAGCACCTGTGTGTAGGTCCCGTAAGGGAAGGAATCCATCTCTGGAAACCGTCCTACCATGTCAAACGCTGGTAAGGTTCTGCGCGTTGCTTCGAATTAAACCACATGCTCCACCGCTTGTGCAGGCCCCCGTCAATTTCTTTGAGTTTTAACCTTGCGGCCGTACTCCCCAGGCGGATGACTTAACGCGTTAGCTGCGCCACCGAAACGCTAAGCGCCCCGACAGCTAGTCATCATCGTTTACGGCGTGGACTAC,Sphingomonas,Sphingomonas_CGGGACTTAACCCAACATCTCACGACACGAGCTGACGACAGCCATGCAGCACCTGTGTGTAGGTCCCGTAAGGGAAGGAATCCATCTCTGGAAACCGTCCTACCATGTCAAACGCTGGTAAGGTTCTGCGCGTTGCTTCGAATTAAACCACATGCTCCACCGCTTGTGCAGGCCCCCGTCAATTTCTTTGAGTTTTAACCTTGCGGCCGTACTCCCCAGGCGGATGACTTAACGCGTTAGCTGCGCCACCGAAACGCTAAGCGCCCCGACAGCTAGTCATCATCGTTTACGGCGTGGACTAC
64,CGGGACTTAACCCAACATCTCACGACACGAGCTGACGACAACCATGCACCACCTGTCACTCTGTCCCCCGAAGGGGAACGTCCTATCTCTAGGAGTGTCAGAGGATGTCAAGACCTGGTAAGGTTCTTCGCGTTGCTTCGAATTAAACCACATGCTCCACCGCTTGTGCGGGCCCCCGTCAATTCCTTTGAGTTTCAGCCTTGCGGCCGTACTCCCCAGGCGGAGTGCTTAATGCGTTAGCTGCAGCACTAAAGGGCGGAAACCCTCTAACACTTAGCACTCATCGTTTACGGCGTGGACTAC,Bacillus,Bacillus_CGGGACTTAACCCAACATCTCACGACACGAGCTGACGACAACCATGCACCACCTGTCACTCTGTCCCCCGAAGGGGAACGTCCTATCTCTAGGAGTGTCAGAGGATGTCAAGACCTGGTAAGGTTCTTCGCGTTGCTTCGAATTAAACCACATGCTCCACCGCTTGTGCGGGCCCCCGTCAATTCCTTTGAGTTTCAGCCTTGCGGCCGTACTCCCCAGGCGGAGTGCTTAATGCGTTAGCTGCAGCACTAAAGGGCGGAAACCCTCTAACACTTAGCACTCATCGTTTACGGCGTGGACTAC
65,CGGGACTTAACCCAACATCTCACGACACGAGCTGACGACAGCCATGCAGCACCTGTGTCCAAGTCCCCGAAGGGAAGAAATCCATCTCTGGAAGTCGTCTTGGCATGTCAAGGGCTGGTAAGGTTCTTCGCGTTGCTTCGAATTAAACCACATGCTCCACCGCTTGTGCGGGCCCCCGTCAATTCCTTTGAGTTTTAATCTTGCGACCGTACTCCCCAGGCGGAGAGCTTAATGCGTTAGCTGCGCCACTGAGAGATAAATCTCCCAACGGCTAGCTCTCATAGTTTACGGCGTGGACTAC,Devosia,Devosia_CGGGACTTAACCCAACATCTCACGACACGAGCTGACGACAGCCATGCAGCACCTGTGTCCAAGTCCCCGAAGGGAAGAAATCCATCTCTGGAAGTCGTCTTGGCATGTCAAGGGCTGGTAAGGTTCTTCGCGTTGCTTCGAATTAAACCACATGCTCCACCGCTTGTGCGGGCCCCCGTCAATTCCTTTGAGTTTTAATCTTGCGACCGTACTCCCCAGGCGGAGAGCTTAATGCGTTAGCTGCGCCACTGAGAGATAAATCTCCCAACGGCTAGCTCTCATAGTTTACGGCGTGGACTAC
68,CGGGACTTAACCCAACATCTCACGACACGAGCTGACGACAGCCATGCAGCACCTGTGTCTAGGTTCCCTTTCGGGCACTCCTGCATTTCTGCAGGATTCCTAGCATGTCAAGGGTAGGTAAGGTTTTTCGCGTTGCATCGAATTAAACCACATCATCCACCGCTTGTGCGGGCCCCCGTCAATTCCTTTGAGTTTTAATCTTGCGACCGTACTCCCCAGGCGGATGACTTCACGCGTTAGCTGCGTTACTAAAGGATTTAACTCCTCCAACAACTAGTCATCATCGTTTAGGGCGTGGACTAC,MND1,MND1_CGGGACTTAACCCAACATCTCACGACACGAGCTGACGACAGCCATGCAGCACCTGTGTCTAGGTTCCCTTTCGGGCACTCCTGCATTTCTGCAGGATTCCTAGCATGTCAAGGGTAGGTAAGGTTTTTCGCGTTGCATCGAATTAAACCACATCATCCACCGCTTGTGCGGGCCCCCGTCAATTCCTTTGAGTTTTAATCTTGCGACCGTACTCCCCAGGCGGATGACTTCACGCGTTAGCTGCGTTACTAAAGGATTTAACTCCTCCAACAACTAGTCATCATCGTTTAGGGCGTGGACTAC
69,CGGGACTTAACCCAACATCTCACGACACGAGCTGACGACAGCCATGCAGCACCTGTCTCTTGGTTCCCTTGCGGGCACTCCCTCATCTCTGAGGGATTCCAAGGATGTCAAGACCAGGTAAGGTTCTGCGCGTTGCGTCGAATTAAACCACATGCTCCACCGCTTGTGCGGGCCCCCGTCAATTCCTTTGAGTTTTAGTCTTGCGACCGTACTTCCCAGGCGGAGAACTTAATGCGTTAGCTTCGGCACCGCGGGGGTCAACTCCCACGACACCTAGTTCTCATCGTTTACGGCGTGGACTAC,Pyxidicoccus,Pyxidicoccus_CGGGACTTAACCCAACATCTCACGACACGAGCTGACGACAGCCATGCAGCACCTGTCTCTTGGTTCCCTTGCGGGCACTCCCTCATCTCTGAGGGATTCCAAGGATGTCAAGACCAGGTAAGGTTCTGCGCGTTGCGTCGAATTAAACCACATGCTCCACCGCTTGTGCGGGCCCCCGTCAATTCCTTTGAGTTTTAGTCTTGCGACCGTACTTCCCAGGCGGAGAACTTAATGCGTTAGCTTCGGCACCGCGGGGGTCAACTCCCACGACACCTAGTTCTCATCGTTTACGGCGTGGACTAC
70,CCGGACTTAACCGAACATCTCACGACACGAGCTGACGACAGCCATGCAGCACCTGTGTCCCTGTCCCTTGCGGGAAAAACCTGTCTCCAGGCCGGTCAGGGCATGTCAAGGGTTGGTAAGGTTCTGCGCGTTGCTTCGAATTAAACCACATGCTCCACCGCTTGTGCGGGCCCCCGTCAATTCCTTTGAGTTTTAATCTTGCGACCGTACTCCCCAGGCGGAATGCTTAATCCGTTAGGTGTGACACCGAAGGGCAAGCCCCCCGACGTCTGGCATTCATCGTTTACGGCGTGGACTAC,Rubellimicrobium,Rubellimicrobium_CCGGACTTAACCGAACATCTCACGACACGAGCTGACGACAGCCATGCAGCACCTGTGTCCCTGTCCCTTGCGGGAAAAACCTGTCTCCAGGCCGGTCAGGGCATGTCAAGGGTTGGTAAGGTTCTGCGCGTTGCTTCGAATTAAACCACATGCTCCACCGCTTGTGCGGGCCCCCGTCAATTCCTTTGAGTTTTAATCTTGCGACCGTACTCCCCAGGCGGAATGCTTAATCCGTTAGGTGTGACACCGAAGGGCAAGCCCCCCGACGTCTGGCATTCATCGTTTACGGCGTGGACTAC
72,CGGGACTTAACCCAACATCTCACGACACGAGCTGACGACAGCCATGCAGCACCTGTCTTGGGTCCAGCCTAACTGAAGGACAATGTCTCCACTGTCCGCGACCCAGATGTCAAGGGCTGGTAAGGTTCTGCGCGTTGCTTCGAATTAAACCACATGCTCCACCGCTTGTGCGGGCCCCCGTCAATTCCTTTGAGTTTTAATCTTGCGACCGTACTCCCCAGGCGGAATGTTTAATGCGTTAGCTGCGCCACCGAACAGTAAACTGCCCGACGGCTAACATTCATCGTTTACGGCGTGGACTAC,Ciceribacter,Ciceribacter_CGGGACTTAACCCAACATCTCACGACACGAGCTGACGACAGCCATGCAGCACCTGTCTTGGGTCCAGCCTAACTGAAGGACAATGTCTCCACTGTCCGCGACCCAGATGTCAAGGGCTGGTAAGGTTCTGCGCGTTGCTTCGAATTAAACCACATGCTCCACCGCTTGTGCGGGCCCCCGTCAATTCCTTTGAGTTTTAATCTTGCGACCGTACTCCCCAGGCGGAATGTTTAATGCGTTAGCTGCGCCACCGAACAGTAAACTGCCCGACGGCTAACATTCATCGTTTACGGCGTGGACTAC
73,CGGGACTTAACCCAACATCTCACGACACGAGCTGACGACAGCCATGCACCACCTGCACACCAACCACAAGGGAACGCCTATCTCTAGACGCGTCTGGCGCATGTCAAACCCAGGTAAGGTTCTTCGCGTTGCATCGAATTAATCCACATGCTCCGCCGCTTGTGCGGGCCCCCGTCAATTCCTTTGAGTTTTAGCCTTGCGGCCGTACTCCCCAGGCGGGGCGCTTAATGCGTTAGCTACGGCACAGAGACCGTGGAATGGCCCCCACACCTAGCGCCCAACGTTTACGGCGTGGACTAC,Pseudonocardia,Pseudonocardia_CGGGACTTAACCCAACATCTCACGACACGAGCTGACGACAGCCATGCACCACCTGCACACCAACCACAAGGGAACGCCTATCTCTAGACGCGTCTGGCGCATGTCAAACCCAGGTAAGGTTCTTCGCGTTGCATCGAATTAATCCACATGCTCCGCCGCTTGTGCGGGCCCCCGTCAATTCCTTTGAGTTTTAGCCTTGCGGCCGTACTCCCCAGGCGGGGCGCTTAATGCGTTAGCTACGGCACAGAGACCGTGGAATGGCCCCCACACCTAGCGCCCAACGTTTACGGCGTGGACTAC
74,CGGGACTTAACCCAACATCTCACGACACGAGCTGACGACAGCCATGCAGCACCTCGACTTCAGTCTCTTGCGAGAGGGCTCCTATTTCTAAGAGCTTGCCAAAGCCGTTCGAGCCCAGGTAAGGTTCTTCGCGTTGCGTCGAATTAAACCACATGCTCCACCGCTTGTGCGGGCCCCCGTCAATTCCTTTGAGTTTCAGCCTTGCGACCGTACTCCCCAGGCGGCATACTTAACGCGTTAGCTCCGGCACGGATAGAATGAACTACCCACACCAAGTATGCATCGTTTAGGGCGTGGACTAC,Bryobacter,Bryobacter_CGGGACTTAACCCAACATCTCACGACACGAGCTGACGACAGCCATGCAGCACCTCGACTTCAGTCTCTTGCGAGAGGGCTCCTATTTCTAAGAGCTTGCCAAAGCCGTTCGAGCCCAGGTAAGGTTCTTCGCGTTGCGTCGAATTAAACCACATGCTCCACCGCTTGTGCGGGCCCCCGTCAATTCCTTTGAGTTTCAGCCTTGCGACCGTACTCCCCAGGCGGCATACTTAACGCGTTAGCTCCGGCACGGATAGAATGAACTACCCACACCAAGTATGCATCGTTTAGGGCGTGGACTAC
76,CGGGACTTAACCCAACATCTCACGACACGAGCTGACGACAGCCATGCAGCACCTGTCTCTAAGTTCCCCGAAGGGCACCCTCTGATCTCTCAAAGGTTCTTAGGATGTCAAGACCTGGTAAGGTTCTTCGCGTTGCTTCGAATTAAACCACATGCTCCACCGCTTGTGCGGGCCCCCGTCAATTCCTTTGAGTTTCAACCTTGCGGCCGTACTTCCCAGGCGGTACGTTTATCGCGTTAGCTTCGCCTAGCACAGCATCCTGCGCTAAGCCAACGTACATCGTTTAGGGTGTGGACTAC,Deinococcus,Deinococcus_CGGGACTTAACCCAACATCTCACGACACGAGCTGACGACAGCCATGCAGCACCTGTCTCTAAGTTCCCCGAAGGGCACCCTCTGATCTCTCAAAGGTTCTTAGGATGTCAAGACCTGGTAAGGTTCTTCGCGTTGCTTCGAATTAAACCACATGCTCCACCGCTTGTGCGGGCCCCCGTCAATTCCTTTGAGTTTCAACCTTGCGGCCGTACTTCCCAGGCGGTACGTTTATCGCGTTAGCTTCGCCTAGCACAGCATCCTGCGCTAAGCCAACGTACATCGTTTAGGGTGTGGACTAC
77,CGGGACTTAACCCAACATCTCACGACACGAGCTGACGACAGCCATGCAGCACCTGTCACCGCGTCCCCGAAGGGAACTCCAAATCTCTCTGGATAGCGCGGGATGTCAAACGCTGGTAAGGTTCTGCGCGTTGCTTCGAATTAAACCACATGCTCCACCGCTTGTGCAGGCCCCCGTCAATTCCTTTGAGTTTTAATCTTGCGACCGTACTCCCCAGGCGGATAACTTAATGCGTTAGCTGCGCCACTCAAGCACCAAGTGCCCGAACAGCTAGTTATCATCGTTTACGGCGTGGACTAC,Novosphingobium,Novosphingobium_CGGGACTTAACCCAACATCTCACGACACGAGCTGACGACAGCCATGCAGCACCTGTCACCGCGTCCCCGAAGGGAACTCCAAATCTCTCTGGATAGCGCGGGATGTCAAACGCTGGTAAGGTTCTGCGCGTTGCTTCGAATTAAACCACATGCTCCACCGCTTGTGCAGGCCCCCGTCAATTCCTTTGAGTTTTAATCTTGCGACCGTACTCCCCAGGCGGATAACTTAATGCGTTAGCTGCGCCACTCAAGCACCAAGTGCCCGAACAGCTAGTTATCATCGTTTACGGCGTGGACTAC
78,CGGGACTTAACCCAACATCTCACGACACGAGCTGACGACAGCCATGCAGCACCTGTGCGGCGTCCGGCCGAACCGAAAGGTGGATCTCTCCACCCGCGACGCCCATGTCAAGGGCTGGTAAGGTTCTGCGCGTTGCTTCGAATTAAACCACATGCTCCACCGCTTGTGCGGGCCCCCGTCAATTCCTTTGAGTTTTAACCTTGCGGCCGTACTCCCCAGGCGGAGTGCTTAATGCGTTAGCTGCGACACCGAAGCTCCAAGAGCCCCGACGTCTAGCACTCATCGTTTACGGCGTGGACTAC,Skermanella,Skermanella_CGGGACTTAACCCAACATCTCACGACACGAGCTGACGACAGCCATGCAGCACCTGTGCGGCGTCCGGCCGAACCGAAAGGTGGATCTCTCCACCCGCGACGCCCATGTCAAGGGCTGGTAAGGTTCTGCGCGTTGCTTCGAATTAAACCACATGCTCCACCGCTTGTGCGGGCCCCCGTCAATTCCTTTGAGTTTTAACCTTGCGGCCGTACTCCCCAGGCGGAGTGCTTAATGCGTTAGCTGCGACACCGAAGCTCCAAGAGCCCCGACGTCTAGCACTCATCGTTTACGGCGTGGACTAC
79,CGGGACTTAACCCAACACCTCACGGCACGAGCTGACGACAGCCATGCAGCACCTAGTTTCCTGTCCTTGCGGACGCTCCCATCTCTGGGAACTTCAGTAACTTTCAAGCCCGGGTAAGGTTCCTCGCGTATCATCGAATTAAACCACATGCTCCTCCGCTTGTGCGGGCCCCCGTCAATTCCTTTGAGTTTCACCCTTGCGGGCGTACTCCCCAGGTGGAATACTTAACGCTTTCGCTTAGACGCTAACTGTATATCGCTAACATCGAGTATTCATCGTTTAGGGCGTGGACTAC,Arcticibacter,Arcticibacter_CGGGACTTAACCCAACACCTCACGGCACGAGCTGACGACAGCCATGCAGCACCTAGTTTCCTGTCCTTGCGGACGCTCCCATCTCTGGGAACTTCAGTAACTTTCAAGCCCGGGTAAGGTTCCTCGCGTATCATCGAATTAAACCACATGCTCCTCCGCTTGTGCGGGCCCCCGTCAATTCCTTTGAGTTTCACCCTTGCGGGCGTACTCCCCAGGTGGAATACTTAACGCTTTCGCTTAGACGCTAACTGTATATCGCTAACATCGAGTATTCATCGTTTAGGGCGTGGACTAC
82,CGGGACTTAACCCAACATCTCACGACACGAGCTGACGACAGCCATGCAGCACCTGTCTCTAGATTCCCCGAAGGGCACCCGACCATCTCTGGAAGGTTTCTAGGATGTCAAGACCTGGTAAGGTTCTTCGCGTTGCTTCGAATTAAACCACATGCTCCACCGCTTGTGCGGGCCCCCGTCAATTCCTTTGAGTTTCAACCTTGCGGCCGTACTTCCCAGGCGGTACGTTTATCGCGTTAGCTTCGCCTAGCACAGCATCCTGCGCTAAGCCAACGTACATCGTTTAGGGTGTGGACTAC,Deinococcus,Deinococcus_CGGGACTTAACCCAACATCTCACGACACGAGCTGACGACAGCCATGCAGCACCTGTCTCTAGATTCCCCGAAGGGCACCCGACCATCTCTGGAAGGTTTCTAGGATGTCAAGACCTGGTAAGGTTCTTCGCGTTGCTTCGAATTAAACCACATGCTCCACCGCTTGTGCGGGCCCCCGTCAATTCCTTTGAGTTTCAACCTTGCGGCCGTACTTCCCAGGCGGTACGTTTATCGCGTTAGCTTCGCCTAGCACAGCATCCTGCGCTAAGCCAACGTACATCGTTTAGGGTGTGGACTAC
99,CGGGACTTAACCCAACATCTCACGACACGAGCTGACGACAGCCATGCAGCACCTGTTTTCTAGGCCCCGAAGGGCACCCCGTCGTTTCCGACAGGTTCTATCAATGTCAAGTCTGGGTAAGGTTCTTCGCGTTGCGTCGAATTAAACCACATGCTCCACCGCTTGTGCGGGCCCCCGTCAATTCCTTTGAGTTTTAGCCTTGCGGCCGTACTTCCCAGGCGGGATACTTAATGCGTTAGCGACGGCACTTCGGGGGTCAATACCCGAAACACCTAGTATCCATCGTTTACGGCGTGGACTAC,P3OB-42,P3OB-42_CGGGACTTAACCCAACATCTCACGACACGAGCTGACGACAGCCATGCAGCACCTGTTTTCTAGGCCCCGAAGGGCACCCCGTCGTTTCCGACAGGTTCTATCAATGTCAAGTCTGGGTAAGGTTCTTCGCGTTGCGTCGAATTAAACCACATGCTCCACCGCTTGTGCGGGCCCCCGTCAATTCCTTTGAGTTTTAGCCTTGCGGCCGTACTTCCCAGGCGGGATACTTAATGCGTTAGCGACGGCACTTCGGGGGTCAATACCCGAAACACCTAGTATCCATCGTTTACGGCGTGGACTAC
101,CGGGACTTAACCCAACATCTCACGACACGAGCTGACGACAGCCATGCAGCATCTGTGTACCACCCTCGAAGGAGCTCCGTTTCCGGAGTGTGCAGGTACATGTCAAGGCTGGGTAAGGTTCTTCGTGTTGCATCGAATTAAACCACACGCTCCGCTGCTTGTGCGGGCCCCCGTCAATTCCTTTGAGTTTTAAGCTTGCGCTCGTAGTCCCCAGGCGGTCGACTTCTCGCGTGAGCTTAGGCACACAGCGCGCTTTCGCGCCCCGCACACCGAGTCGACATCGTTTACGGCGTGGACTAC,FFCH7168,FFCH7168_CGGGACTTAACCCAACATCTCACGACACGAGCTGACGACAGCCATGCAGCATCTGTGTACCACCCTCGAAGGAGCTCCGTTTCCGGAGTGTGCAGGTACATGTCAAGGCTGGGTAAGGTTCTTCGTGTTGCATCGAATTAAACCACACGCTCCGCTGCTTGTGCGGGCCCCCGTCAATTCCTTTGAGTTTTAAGCTTGCGCTCGTAGTCCCCAGGCGGTCGACTTCTCGCGTGAGCTTAGGCACACAGCGCGCTTTCGCGCCCCGCACACCGAGTCGACATCGTTTACGGCGTGGACTAC
106,CCGGACTTAACCGAACATTTCACAACACGAGCTGACGACAGCCATGCAGCACCTGTCTACGAGTACCCGAAGGTAAAGCTACATCTCTGCAGCGATCTCGCGATGTCAAGACCAGGTAAGGTTCTGCGCGTTGCGTCGAATTAAACCACATACTCCACCGCTTGTGCGGGCCCCCGTCAATTCCTTTGAGTTTTAGTCTTGCGACCGTACTTCCCAGGCGGGACACTTAATGCGTTAGCTTTGCCACTCAAAGGGTTAATGCTTCGAACGGCGAGTGTCCATAGTTTACGGCGTGGACTAC,Oligoflexus,Oligoflexus_CCGGACTTAACCGAACATTTCACAACACGAGCTGACGACAGCCATGCAGCACCTGTCTACGAGTACCCGAAGGTAAAGCTACATCTCTGCAGCGATCTCGCGATGTCAAGACCAGGTAAGGTTCTGCGCGTTGCGTCGAATTAAACCACATACTCCACCGCTTGTGCGGGCCCCCGTCAATTCCTTTGAGTTTTAGTCTTGCGACCGTACTTCCCAGGCGGGACACTTAATGCGTTAGCTTTGCCACTCAAAGGGTTAATGCTTCGAACGGCGAGTGTCCATAGTTTACGGCGTGGACTAC
113,CGGGACTTAACCCAACATCTCACGACACGAGCTGACGACAGCCATGCAACACCTGTCTTTGTGCCTCCTTGCGGAGGGGCTCTGCTTTCACAGAGTTACACGCGATGTCAAGCCTGGGTAAGGTTCTTCGGTTAGTGACGAATTAATCCACATGCTCCACCGCTTGTGCGGGCCCCCGTCAATTCCTTTGAGTTTCAACCTTGCGGCCGTACTCCCCAGGCGGAGTGCTTACTGCGTTAGCGGCGGCACCCGGGGGGTCGATACCCCGAACACCTAGCACTCATCGTTTACGGCGTGGACTAC,Armatimonadales,Armatimonadales_CGGGACTTAACCCAACATCTCACGACACGAGCTGACGACAGCCATGCAACACCTGTCTTTGTGCCTCCTTGCGGAGGGGCTCTGCTTTCACAGAGTTACACGCGATGTCAAGCCTGGGTAAGGTTCTTCGGTTAGTGACGAATTAATCCACATGCTCCACCGCTTGTGCGGGCCCCCGTCAATTCCTTTGAGTTTCAACCTTGCGGCCGTACTCCCCAGGCGGAGTGCTTACTGCGTTAGCGGCGGCACCCGGGGGGTCGATACCCCGAACACCTAGCACTCATCGTTTACGGCGTGGACTAC
114,CCGGACTTAACCGAACATTTCACAACACGAGCTGACGACAGCCATGCAGCACCTGTCTACGAGTGCCCGAAGGCAAAGCTACATCTCTGCAGCGATCTCGCGATGTCAAGACCAGGTAAGGTTCTGCGCGTTGCGTCGAATTAAACCACATACTCCACCGCTTGTGCGGGCCCCCGTCAATTCCTTTGAGTTTTAGTCTTGCGACCGTACTTCCCAGGCGGGACACTTAATGCGTTAGCTTTGCCACTCAAAGGGTTAATGCTTCGAACGGCGAGTGTCCATAGTTTACGGCGTGGACTAC,Oligoflexus,Oligoflexus_CCGGACTTAACCGAACATTTCACAACACGAGCTGACGACAGCCATGCAGCACCTGTCTACGAGTGCCCGAAGGCAAAGCTACATCTCTGCAGCGATCTCGCGATGTCAAGACCAGGTAAGGTTCTGCGCGTTGCGTCGAATTAAACCACATACTCCACCGCTTGTGCGGGCCCCCGTCAATTCCTTTGAGTTTTAGTCTTGCGACCGTACTTCCCAGGCGGGACACTTAATGCGTTAGCTTTGCCACTCAAAGGGTTAATGCTTCGAACGGCGAGTGTCCATAGTTTACGGCGTGGACTAC
134,CGGGACTTAACCCAACACCTCACGGCACGAGCTGACGACAGCCATGCAGCACCTGAACCGGCAGTCCCCGAAGGGAAAATCCTATTTCTAGGATGGTCCGCCGTTGTCTAGCCCAGGTAAGGTTCTTCGCGTTGCGTCGAATTGAACCACATGCTCCACCGCTTGTGCGGGCCCCCGTCAATTCCTTTGAGTTTTAATCTTGCGACCGTACTCCCCAGGCGGGGCACTTAATGCGTTAGCTGCGGCACCCAGGGGGTCAATACCCCGGACACCTAGTGCCCATCGTTTACAGCGTGGACTAC,RCP2-54,RCP2-54_CGGGACTTAACCCAACACCTCACGGCACGAGCTGACGACAGCCATGCAGCACCTGAACCGGCAGTCCCCGAAGGGAAAATCCTATTTCTAGGATGGTCCGCCGTTGTCTAGCCCAGGTAAGGTTCTTCGCGTTGCGTCGAATTGAACCACATGCTCCACCGCTTGTGCGGGCCCCCGTCAATTCCTTTGAGTTTTAATCTTGCGACCGTACTCCCCAGGCGGGGCACTTAATGCGTTAGCTGCGGCACCCAGGGGGTCAATACCCCGGACACCTAGTGCCCATCGTTTACAGCGTGGACTAC
156,CGGGACTTAACCCAACATCTCACGACACGAGCTGACGACAGCCATGCAGCACCTGTGTGGAAAGCTCCATTGCTGGAGAGGGACGATCTCTCGTCCTGTCTTTCCCATGTCAAGCCTTGGTAAGGTTCTGCGCGTTGCGTCGAATTAAACCACATGCTCCACCGCTTGTGCGGGCCCCCGTCAATTCCTTTGAGTTTCACTCTTGCGAGCGTACTCCCCAGGCGGATTACTTAACGCGTTAGCTGCGGCTCTGGACCGTTGACGGGCCCAAAACCTAGTAATCATCGTTTATGGCATGGACTAC,possible genus 04,possible genus 04_CGGGACTTAACCCAACATCTCACGACACGAGCTGACGACAGCCATGCAGCACCTGTGTGGAAAGCTCCATTGCTGGAGAGGGACGATCTCTCGTCCTGTCTTTCCCATGTCAAGCCTTGGTAAGGTTCTGCGCGTTGCGTCGAATTAAACCACATGCTCCACCGCTTGTGCGGGCCCCCGTCAATTCCTTTGAGTTTCACTCTTGCGAGCGTACTCCCCAGGCGGATTACTTAACGCGTTAGCTGCGGCTCTGGACCGTTGACGGGCCCAAAACCTAGTAATCATCGTTTATGGCATGGACTAC
171,CCGGACTTAACCGAACATCTCACGACACGAGCTGACGACAGCCATGCAGCACCTGTCACCTGGCTTCCTCTTGCGAGGACACCCCAGTGTTTCCACCGGGTTCCAGGGATGTCAAGGCTGGGTAAGGTTCTTCGCGTTGCGTCGAATTAAACCACATACTCCACCGCTTGTGCGGGCCCCCGTCAATTCCTTTGAGTTTCAACCTTGCGGCCGTACTCCCCAGGCGGTGTGCTTATCGCGTTAGCTTCGATACCGAGGGGGTGAATACCCCCGACATCCAGCACACATCGTTTACAGCGTGGACTAC,OM27 clade,OM27 clade_CCGGACTTAACCGAACATCTCACGACACGAGCTGACGACAGCCATGCAGCACCTGTCACCTGGCTTCCTCTTGCGAGGACACCCCAGTGTTTCCACCGGGTTCCAGGGATGTCAAGGCTGGGTAAGGTTCTTCGCGTTGCGTCGAATTAAACCACATACTCCACCGCTTGTGCGGGCCCCCGTCAATTCCTTTGAGTTTCAACCTTGCGGCCGTACTCCCCAGGCGGTGTGCTTATCGCGTTAGCTTCGATACCGAGGGGGTGAATACCCCCGACATCCAGCACACATCGTTTACAGCGTGGACTAC
190,CGGGACTTAACCCAACATCTCACGACACGAGCTGACGACAGCCATGCAGCACCTGTCTCTCGGTTCCCTTGCGGGCACTCCCTCATCTCTGAAGGATTCCGAGGATGTCAAGACCAGGTAAGGTTCTGCGCGTTGCGTCGAATTAAACCACATGCTCCACCGCTTGTGCGGGCCCCCGTCAATTCCTTTGAGTTTTAGCCTTGCGGCCGTACTTCCCAGGCGGAGCGCTTAATGCGTTAGCTGCGGCACTGCGGGGGTCAACACCCACAACACCTAGCGCTCATCGTTTACGGCGTGGACTAC,Anaeromyxobacter,Anaeromyxobacter_CGGGACTTAACCCAACATCTCACGACACGAGCTGACGACAGCCATGCAGCACCTGTCTCTCGGTTCCCTTGCGGGCACTCCCTCATCTCTGAAGGATTCCGAGGATGTCAAGACCAGGTAAGGTTCTGCGCGTTGCGTCGAATTAAACCACATGCTCCACCGCTTGTGCGGGCCCCCGTCAATTCCTTTGAGTTTTAGCCTTGCGGCCGTACTTCCCAGGCGGAGCGCTTAATGCGTTAGCTGCGGCACTGCGGGGGTCAACACCCACAACACCTAGCGCTCATCGTTTACGGCGTGGACTAC
211,CGGGACTTAACCCAACATCTCACGACACGAGCTGACGACAGCCATGCAGCACCTGTGACCGCGCCCCGAAGGGCGACGCAGGTTTCCCCGCGCCTTCACGGCCATGTCAAGCCTAGGTAAGGTTCTTCGCGTTGCGTCGAATTAAACCACATGCTCCACCGCTTGTGCGGGCCCCCGTCAATTCCTTTGAGTTTCAACCTTGCGGTCGTACTCCCCAGGCGGGGCACTTAATGCGTTAGCGTCGGCACTCAGGGGGTCGCTCCCCCAAGCACCTAGTGCCCATCGTTTACGGCGTGGACTAC,Gemmatimonas,Gemmatimonas_CGGGACTTAACCCAACATCTCACGACACGAGCTGACGACAGCCATGCAGCACCTGTGACCGCGCCCCGAAGGGCGACGCAGGTTTCCCCGCGCCTTCACGGCCATGTCAAGCCTAGGTAAGGTTCTTCGCGTTGCGTCGAATTAAACCACATGCTCCACCGCTTGTGCGGGCCCCCGTCAATTCCTTTGAGTTTCAACCTTGCGGTCGTACTCCCCAGGCGGGGCACTTAATGCGTTAGCGTCGGCACTCAGGGGGTCGCTCCCCCAAGCACCTAGTGCCCATCGTTTACGGCGTGGACTAC
213,CGGGACTTAACCCAACATCTCACGACACGAGCTGACGACAGCCATGCAGCACCTGTTTTCAAGGCCCCGAAAGGCACTCCACTGTTTCCAGCGGATTCTATCAATGTCAAGTCTGGGTAAGGTTCTTCGCGTTGCGTCGAATTAAACCACATGCTCCACCGCTTGTGCGGGCCCCCGTCAATTCCTTTGAGTTTTAGCCTTGCGGCCGTACTTCCCAGGCGGAGTATTTAATGCGTTAGCGACGGCACTGCAGGGGTCAATACCCGCAATACCTAATACTCATCGTTTACGGCGTGGACTAC,P3OB-42,P3OB-42_CGGGACTTAACCCAACATCTCACGACACGAGCTGACGACAGCCATGCAGCACCTGTTTTCAAGGCCCCGAAAGGCACTCCACTGTTTCCAGCGGATTCTATCAATGTCAAGTCTGGGTAAGGTTCTTCGCGTTGCGTCGAATTAAACCACATGCTCCACCGCTTGTGCGGGCCCCCGTCAATTCCTTTGAGTTTTAGCCTTGCGGCCGTACTTCCCAGGCGGAGTATTTAATGCGTTAGCGACGGCACTGCAGGGGTCAATACCCGCAATACCTAATACTCATCGTTTACGGCGTGGACTAC
230,CGGGACTTAACCCAACATCTCACGACACGAGCTGACGACAGCCATGCAGCACCTGTCTCTAGGTTCCCCGAAGGGCACTCTCTTATCTCTAAGAGATCCCTAGGATGTCAAGACCTGGTAAGGTTCTTCGCGTTGCTTCGAATTAAACCACATGCTCCACCGCTTGTGCGGGTCCCCGTCAATTCCTTTGAGTTTCAACCTTGCGGCCGTACTTCCCAGGCGGCATACTTAACGCGTTAGCTCCGGCACCGACCCCAACGGGCCGACACCAAGTATGCATCGTTTAGGGTGTGGACTAC,Truepera,Truepera_CGGGACTTAACCCAACATCTCACGACACGAGCTGACGACAGCCATGCAGCACCTGTCTCTAGGTTCCCCGAAGGGCACTCTCTTATCTCTAAGAGATCCCTAGGATGTCAAGACCTGGTAAGGTTCTTCGCGTTGCTTCGAATTAAACCACATGCTCCACCGCTTGTGCGGGTCCCCGTCAATTCCTTTGAGTTTCAACCTTGCGGCCGTACTTCCCAGGCGGCATACTTAACGCGTTAGCTCCGGCACCGACCCCAACGGGCCGACACCAAGTATGCATCGTTTAGGGTGTGGACTAC
239,CGGGACTTAACCCAACATCTCACGACACGAGCTGACGACAGCCATGCAGCACCGGTGCAGCACCCTCAAAGGCGGCTCTGTTTCTAGAGCTTGCAGCTGCATGTCAAGGCAAGGTAAGGTTCTGCGCGTTGCGTCGAATTAAACCACACGCTCCGCTGCTTGTGCGGGCCCCCGTCAATTCCTTTGAGTTTTAAGCTTGCGCTCGTAGTCCCCAGGCGGCATACTCATCGCGTAAGCTGGGGCACTGCGCGGTCCTTTAACAGACCGCCCAACACCGGGTATGCATCGTTTACTGCGTGGACTAC,Herpetosiphon,Herpetosiphon_CGGGACTTAACCCAACATCTCACGACACGAGCTGACGACAGCCATGCAGCACCGGTGCAGCACCCTCAAAGGCGGCTCTGTTTCTAGAGCTTGCAGCTGCATGTCAAGGCAAGGTAAGGTTCTGCGCGTTGCGTCGAATTAAACCACACGCTCCGCTGCTTGTGCGGGCCCCCGTCAATTCCTTTGAGTTTTAAGCTTGCGCTCGTAGTCCCCAGGCGGCATACTCATCGCGTAAGCTGGGGCACTGCGCGGTCCTTTAACAGACCGCCCAACACCGGGTATGCATCGTTTACTGCGTGGACTAC
254,ATGGACTTAACCAAACATCTCACGACACGAGCTGACGACGGCCATGCAACATCTGTCACCGAGTTCAATAAAGCACTCACTCCTTTCGGAGTAATTCTCGGGATGTCAAACCCTGGTAAGGTTCTTCGTTTAGCATCGAATTAAAGAACATAATCCACCGCTTGTGCGGCTCCCCGTCAATTCCTTTATGTTTTAGTCTTGCGACCGTACTCCACAGGCGGGATACTTAACGCGTTAGCTTCGCTACTGAAGGGGTCGATACCTCCAACAGCTAGTATCCATCGTTTACGGCGTGGACTAC,TM7a,TM7a_ATGGACTTAACCAAACATCTCACGACACGAGCTGACGACGGCCATGCAACATCTGTCACCGAGTTCAATAAAGCACTCACTCCTTTCGGAGTAATTCTCGGGATGTCAAACCCTGGTAAGGTTCTTCGTTTAGCATCGAATTAAAGAACATAATCCACCGCTTGTGCGGCTCCCCGTCAATTCCTTTATGTTTTAGTCTTGCGACCGTACTCCACAGGCGGGATACTTAACGCGTTAGCTTCGCTACTGAAGGGGTCGATACCTCCAACAGCTAGTATCCATCGTTTACGGCGTGGACTAC
265,ATGGACTTAACCAAACATCTCACGACACGAGCTGACGACGGCCATGCATCATCTGTCACCGAGCTCAATAAAGCACTCTCTCCTTTCGGAAAGATTCTCGGGATGTCAAACCCTGGTAAGGTTTTTCGTTTATCATCGAATTAAAGAACACGATCCACCGCTTGTGCGGGTCCCCGTCAATTCCTTTATGTTTTAGTCTTGCGACCGTACTCCACAGGCGGGATACTTAACGCGTTAGCTTCGCTACTGAAGGGGTCGATACCTCCAACAGCTAGTATCCATCGTTTACGGCGTGGACTAC,TM7a,TM7a_ATGGACTTAACCAAACATCTCACGACACGAGCTGACGACGGCCATGCATCATCTGTCACCGAGCTCAATAAAGCACTCTCTCCTTTCGGAAAGATTCTCGGGATGTCAAACCCTGGTAAGGTTTTTCGTTTATCATCGAATTAAAGAACACGATCCACCGCTTGTGCGGGTCCCCGTCAATTCCTTTATGTTTTAGTCTTGCGACCGTACTCCACAGGCGGGATACTTAACGCGTTAGCTTCGCTACTGAAGGGGTCGATACCTCCAACAGCTAGTATCCATCGTTTACGGCGTGGACTAC
285,CGGGACTTAACCCAACATCTCACGACACGAGCTGACGACAGCCATGCAGCACCTGTGCATGAGCTCCGAAGAGGGGCCTCTGTTTCCAGAGGCTTTCCCATACATGTCAAGCCTAGGTAAGGTTCTTCGCGTTGCGTCGAATTAAACCACATGCTCCACCGCTTGTGCGGGCCCCCGTCAATTCCTTTGAGTTTCAACCTTGCGGTCGTACTCCCCAGGCGGGGCACTTAATGCGTTAGCGCCGGCACTCGGGGGGTCGCTCCCCCAAGCACCTAGTGCCCATCGTTTACGGCGTGGACTAC,Gemmatimonas,Gemmatimonas_CGGGACTTAACCCAACATCTCACGACACGAGCTGACGACAGCCATGCAGCACCTGTGCATGAGCTCCGAAGAGGGGCCTCTGTTTCCAGAGGCTTTCCCATACATGTCAAGCCTAGGTAAGGTTCTTCGCGTTGCGTCGAATTAAACCACATGCTCCACCGCTTGTGCGGGCCCCCGTCAATTCCTTTGAGTTTCAACCTTGCGGTCGTACTCCCCAGGCGGGGCACTTAATGCGTTAGCGCCGGCACTCGGGGGGTCGCTCCCCCAAGCACCTAGTGCCCATCGTTTACGGCGTGGACTAC
344,CGGGACTTAACCCAACACCTCACGACACGAGCTGACGACAGCCATGCAGCACCTGTCTTGGGGCTCCCGAAGGCACCCTCTCCTTTCAGAGAGGTTCCCCAGATGTCAAACCCAGGTAAGGTTCTTCGCGTTGCTTCGAATTGAACCACATGCTCCACCGCTTGTGCGGGCCCCCGTCAATTCCTTTGAGTTTTAGTCTTGCGACCGTACTCCCCAGGCGGGGTGCTTAATGCGTTAGCTTCGGCACCGCGGGGGTCAATACCCACGACGCCTAGCACCCAACGTTTACAGCGCGGACTAC,NB1-j,NB1-j_CGGGACTTAACCCAACACCTCACGACACGAGCTGACGACAGCCATGCAGCACCTGTCTTGGGGCTCCCGAAGGCACCCTCTCCTTTCAGAGAGGTTCCCCAGATGTCAAACCCAGGTAAGGTTCTTCGCGTTGCTTCGAATTGAACCACATGCTCCACCGCTTGTGCGGGCCCCCGTCAATTCCTTTGAGTTTTAGTCTTGCGACCGTACTCCCCAGGCGGGGTGCTTAATGCGTTAGCTTCGGCACCGCGGGGGTCAATACCCACGACGCCTAGCACCCAACGTTTACAGCGCGGACTAC
370,CGGGACTTAACCCAACATCTCACGACACGAGCTGACGACAGCCATGCAGCACCTGTCTTACGGTTCCCCGAAGGGCACCCCGTTATCTCTAACAGGTTCCGTAGATGTCAAGACCTGGTAAGGTTCTTCGCGTTGCTTCGAATTAAACCACATGCTCCACCGCTTGTGCGGGTCCCCGTCAATTCCTTTGAGTTTCAACCTTGCGGCCGTACTTCCCAGGCGGCATACTTAACGCGTTAACTCCGGCACCGACCCCAACGGGCCGACACCAAGTATGCATCGTTTAGGGTGTGGACTAC,Truepera,Truepera_CGGGACTTAACCCAACATCTCACGACACGAGCTGACGACAGCCATGCAGCACCTGTCTTACGGTTCCCCGAAGGGCACCCCGTTATCTCTAACAGGTTCCGTAGATGTCAAGACCTGGTAAGGTTCTTCGCGTTGCTTCGAATTAAACCACATGCTCCACCGCTTGTGCGGGTCCCCGTCAATTCCTTTGAGTTTCAACCTTGCGGCCGTACTTCCCAGGCGGCATACTTAACGCGTTAACTCCGGCACCGACCCCAACGGGCCGACACCAAGTATGCATCGTTTAGGGTGTGGACTAC
372,CGGGACTTAACCCAACATCTCACGACACGAGCTGACGACAGCCATGCAGCACCTCGACTTCAGTCCCTTGCGGGAGGCCCCGTGTTTCCACAGGCTTGCCAAAGCCGTTCGAGCCCAGGTAAGGTTCTTCGCGTTGCGTCGAATTAAACCACATGCTCCACCGCTTGTGCGGGCCCCCGTCAATTCCTTTGAGTTTCAGCCTTGCGACCGTACTCCCCAGGCGGCATACTTAACGCGTTAGCTCCGGCACGGATAGAATGAACTACCCACACCAAGTATGCATCGTTTAGGGCGTGGACTAC,Bryobacter,Bryobacter_CGGGACTTAACCCAACATCTCACGACACGAGCTGACGACAGCCATGCAGCACCTCGACTTCAGTCCCTTGCGGGAGGCCCCGTGTTTCCACAGGCTTGCCAAAGCCGTTCGAGCCCAGGTAAGGTTCTTCGCGTTGCGTCGAATTAAACCACATGCTCCACCGCTTGTGCGGGCCCCCGTCAATTCCTTTGAGTTTCAGCCTTGCGACCGTACTCCCCAGGCGGCATACTTAACGCGTTAGCTCCGGCACGGATAGAATGAACTACCCACACCAAGTATGCATCGTTTAGGGCGTGGACTAC
373,CGGGACTTAACCCAACATCTCACGACACGAGCTGACGACAGCCATGCAGCACCTCGACTTCAGTCCCTTGCGGGAGGTCTCCTGTTTCCAAGAAATTGCCAAAGCCGTTCGAGCCCAGGTAAGGTTCTTCGCGTTGCGTCGAATTAAACCACATGCTCCACCGCTTGTGCGGGCCCCCGTCAATTCCTTTGAGTTTCAGCCTTGCGACCGTACTCCCCAGGCGGCATACTTAACGCGTTAGCTCCGGCACGGATAGAATGAACTACCCACACCAAGTATGCATCGTTTAGGGCGTGGACTAC,Bryobacter,Bryobacter_CGGGACTTAACCCAACATCTCACGACACGAGCTGACGACAGCCATGCAGCACCTCGACTTCAGTCCCTTGCGGGAGGTCTCCTGTTTCCAAGAAATTGCCAAAGCCGTTCGAGCCCAGGTAAGGTTCTTCGCGTTGCGTCGAATTAAACCACATGCTCCACCGCTTGTGCGGGCCCCCGTCAATTCCTTTGAGTTTCAGCCTTGCGACCGTACTCCCCAGGCGGCATACTTAACGCGTTAGCTCCGGCACGGATAGAATGAACTACCCACACCAAGTATGCATCGTTTAGGGCGTGGACTAC
377,CGGGACTTAACCCAACATCTCACGACACGAGCTGACGACAGCCATGCAGCACCTCGACTTCAGTCCCTTGCGGGAGGGCTCCTGTTTCCAAGAGCTTGCCAAAGCCGTTCGAGCCCAGGTAAGGTTCTTCGCGTTGCGTCGAATTAAACCACATGCTCCACCGCTTGTGCGGGCCCCCGTCAATTCCTTTGAGTTTCAGCCTTGCGACCGTACTCCCCAGGCGGCATACTTAACGCGTTAGCTCCGGCACGGATAGAATGAACTACCCACACCAAGTATGCATCGTTTAGGGCGTGGACTAC,Bryobacter,Bryobacter_CGGGACTTAACCCAACATCTCACGACACGAGCTGACGACAGCCATGCAGCACCTCGACTTCAGTCCCTTGCGGGAGGGCTCCTGTTTCCAAGAGCTTGCCAAAGCCGTTCGAGCCCAGGTAAGGTTCTTCGCGTTGCGTCGAATTAAACCACATGCTCCACCGCTTGTGCGGGCCCCCGTCAATTCCTTTGAGTTTCAGCCTTGCGACCGTACTCCCCAGGCGGCATACTTAACGCGTTAGCTCCGGCACGGATAGAATGAACTACCCACACCAAGTATGCATCGTTTAGGGCGTGGACTAC
383,CGGGACTTAACCCAACATCTCACGACACGAGCTGACGACAGCCATGCAGCACCTGTGTGGACAGCTCCATTGCTGGAGAAGCACGATCTCTCGTACGGTCTGTCCCATGTCAAGCCTTGGTAAGGTTCTTCGCGTTGCGTCGAATTAAACCACATGCTCCACCGCTTGTGCGGGCCCCCGTCAATTCCTTTGAGTTTCAGTCTTGCGACCGTACTCCCCAGGCGGAATACTTAACGCGTTAGCTGCGGCTCTGGACCGTTGACGGGCCCAAAACCTAGTATTCATCGTTTATGGCATGGACTAC,possible genus 04,possible genus 04_CGGGACTTAACCCAACATCTCACGACACGAGCTGACGACAGCCATGCAGCACCTGTGTGGACAGCTCCATTGCTGGAGAAGCACGATCTCTCGTACGGTCTGTCCCATGTCAAGCCTTGGTAAGGTTCTTCGCGTTGCGTCGAATTAAACCACATGCTCCACCGCTTGTGCGGGCCCCCGTCAATTCCTTTGAGTTTCAGTCTTGCGACCGTACTCCCCAGGCGGAATACTTAACGCGTTAGCTGCGGCTCTGGACCGTTGACGGGCCCAAAACCTAGTATTCATCGTTTATGGCATGGACTAC
428,CGGGACTTAACCCAACATCTCACGACACGAGCTGACGACAGCCATGCAGCACCTGTGCACGGGCTCCGAAGAGGGCCGGCCGTTTCTGACCGGTTTCCCGTGTATGTCAAGCCTAGGTAAGGTTCTTCGCGTTGCGTCGAATTAAACCACATGCTCCACCGCTTGTGCGGGCCCCCGTCAATTCCTTTGAGTTTCAGCCTTGCGGCCGTACTCCCCAGGCGGGGCACTTAATGCGTTAGCGCCGGCCCTCGGGGGGTCGCTCCCCCAAGCGCCTAGTGCCCATCGTTTACGGCGTGGACTAC,Gemmatimonas,Gemmatimonas_CGGGACTTAACCCAACATCTCACGACACGAGCTGACGACAGCCATGCAGCACCTGTGCACGGGCTCCGAAGAGGGCCGGCCGTTTCTGACCGGTTTCCCGTGTATGTCAAGCCTAGGTAAGGTTCTTCGCGTTGCGTCGAATTAAACCACATGCTCCACCGCTTGTGCGGGCCCCCGTCAATTCCTTTGAGTTTCAGCCTTGCGGCCGTACTCCCCAGGCGGGGCACTTAATGCGTTAGCGCCGGCCCTCGGGGGGTCGCTCCCCCAAGCGCCTAGTGCCCATCGTTTACGGCGTGGACTAC
446,CCGGACTTAACCGAACACCTCACAGCACGAGCTGACGACAGCCATGCAGCACCTGTCATCGGATTCCTTCGTGAGAAGGCACCCTCACATTTCAGCGAGGTTTCCGAGATGTCAAGTCTGGGTAAGGTTCTGCGCGTTGCTTCGAATTAAACCACATGCTCCACCGCTTGTGCGGGCCCCCGTCAATTCCTTTGAGTTTTAGCCTTGCGGCCGTACTTCCCAGGCGGAGTGCTTAATGCGTTAGCTTCGCCACTGAGACGGTAGACATTCCCAGCAGCTAGCACTCATCGTTTACAGCGTGGACTAC,OM27 clade,OM27 clade_CCGGACTTAACCGAACACCTCACAGCACGAGCTGACGACAGCCATGCAGCACCTGTCATCGGATTCCTTCGTGAGAAGGCACCCTCACATTTCAGCGAGGTTTCCGAGATGTCAAGTCTGGGTAAGGTTCTGCGCGTTGCTTCGAATTAAACCACATGCTCCACCGCTTGTGCGGGCCCCCGTCAATTCCTTTGAGTTTTAGCCTTGCGGCCGTACTTCCCAGGCGGAGTGCTTAATGCGTTAGCTTCGCCACTGAGACGGTAGACATTCCCAGCAGCTAGCACTCATCGTTTACAGCGTGGACTAC
491,CGGGACTTAACCCAACATCTCACGACACGAGCTGACGACAGCCATGCAACACCTGTCTTTGTGCCTCCTTGCGGAGGGGCTCAGCTTTCACTGAGTTACACGCGATGTCAAGCCTGGGTAAGGTTCTTCGGTTAGTGACGAATTAATCCACATGCTCCACCGCTTGTGCGGGCCCCCGTCAATTCCTTTGAGTTTCAACCTTGCGGCCGTACTCCCCAGGCGGAGTGCTTACTGCGTTAGCGGCGGCACCCGGGGGGTCGATACCCCGAACACCTAGCACTCATCGTTTACGGCGTGGACTAC,Armatimonadales,Armatimonadales_CGGGACTTAACCCAACATCTCACGACACGAGCTGACGACAGCCATGCAACACCTGTCTTTGTGCCTCCTTGCGGAGGGGCTCAGCTTTCACTGAGTTACACGCGATGTCAAGCCTGGGTAAGGTTCTTCGGTTAGTGACGAATTAATCCACATGCTCCACCGCTTGTGCGGGCCCCCGTCAATTCCTTTGAGTTTCAACCTTGCGGCCGTACTCCCCAGGCGGAGTGCTTACTGCGTTAGCGGCGGCACCCGGGGGGTCGATACCCCGAACACCTAGCACTCATCGTTTACGGCGTGGACTAC
510,CCGGACTTAACCGAACACCTCACAGCACGAGCTGACGACAGCCATGCAGCACCTGTCATCCGGCTCCTTCGTGAGAAGGCACCCCCACGTTTCCGCAGGGTTCCGGAGATGTCAAGCCTGGGTAAGGTTCTGCGCGTTGCTTCGAATTAAACCACATGCTCCACCGCTTGTGCGGGCCCCCGTCAATTCCTTTGAGTTTTAGCCTTGCGGCCGTACTTCCCAGGCGGAGTGCTTAATGCGTTAGCTTCGCCACTGAGACGGTAAACATTCCCAGCAGCTAGCACTCATCGTTTACGGCGTGGACTAC,OM27 clade,OM27 clade_CCGGACTTAACCGAACACCTCACAGCACGAGCTGACGACAGCCATGCAGCACCTGTCATCCGGCTCCTTCGTGAGAAGGCACCCCCACGTTTCCGCAGGGTTCCGGAGATGTCAAGCCTGGGTAAGGTTCTGCGCGTTGCTTCGAATTAAACCACATGCTCCACCGCTTGTGCGGGCCCCCGTCAATTCCTTTGAGTTTTAGCCTTGCGGCCGTACTTCCCAGGCGGAGTGCTTAATGCGTTAGCTTCGCCACTGAGACGGTAAACATTCCCAGCAGCTAGCACTCATCGTTTACGGCGTGGACTAC
644,CGGGACTTAACCCAACATCTCACGACACGAGCTGACGACAGCCATGCAGCACCTGTGCATGAGCTCCGAAGAGGGGCCTCTGTTTCCAGAGGCTTTCCCATGCATGTCAAGCCTAGGTAAGGTTCTTCGCGTTGCGTCGAATTAAACCACATGCTCCACCGCTTGTGCGGGCCCCCGTCAATTCCTTTGAGTTTCAACCTTGCGGTCGTACTCCCCAGGCGGGGCACTTAATGCGTTAGCGCCGGCACTCGGGGGGTCGCTCCCCCAAGCACCTAGTGCCCATCGTTTACGGCGTGGACTAC,Gemmatimonas,Gemmatimonas_CGGGACTTAACCCAACATCTCACGACACGAGCTGACGACAGCCATGCAGCACCTGTGCATGAGCTCCGAAGAGGGGCCTCTGTTTCCAGAGGCTTTCCCATGCATGTCAAGCCTAGGTAAGGTTCTTCGCGTTGCGTCGAATTAAACCACATGCTCCACCGCTTGTGCGGGCCCCCGTCAATTCCTTTGAGTTTCAACCTTGCGGTCGTACTCCCCAGGCGGGGCACTTAATGCGTTAGCGCCGGCACTCGGGGGGTCGCTCCCCCAAGCACCTAGTGCCCATCGTTTACGGCGTGGACTAC
645,CGGGACTTAACCCAACATCTCACGACACGAGCTGACGACAGCCATGCAGCACCTGTGCACGTGTTCCGAAGAAGGTCCCCGCTTTCACGAGGATTTCACGTGCATGTCAAGCCCAGGTAAGGTTCTTCGCGTTGCTTCGAATTAAACCACATGCTCCACCGCTTGTGCGGGCCCCCGTCAATTCCTTTGAGTTTCAGCCTTGCGGCCGTACTCCCCAGGCGGGGCACTTAACGCGTTAGCTGCGGCACGGAAGGGGTCGATCCCACCCGCGCCCAGTGCCCATCGTTTACGGCGTGGACTAC,Longimicrobium,Longimicrobium_CGGGACTTAACCCAACATCTCACGACACGAGCTGACGACAGCCATGCAGCACCTGTGCACGTGTTCCGAAGAAGGTCCCCGCTTTCACGAGGATTTCACGTGCATGTCAAGCCCAGGTAAGGTTCTTCGCGTTGCTTCGAATTAAACCACATGCTCCACCGCTTGTGCGGGCCCCCGTCAATTCCTTTGAGTTTCAGCCTTGCGGCCGTACTCCCCAGGCGGGGCACTTAACGCGTTAGCTGCGGCACGGAAGGGGTCGATCCCACCCGCGCCCAGTGCCCATCGTTTACGGCGTGGACTAC
675,CGGGACTTAACCCAACATCTCACGACACGAGCTGACGACAGCCATGCAACACCTGTCTTTGTGCTCCCTTGCGGGAGGGCTCTGCTTTCACAGAGTTACACGCGATGTCAAGCCTGGGTAAGGTTCTTCGGTTAGTGACGAATTAATCCACATGCTCCACCGCTTGTGCGGGCCCCCGTCAATTCCTTTGAGTTTCAACCTTGCGGCCGTACTCCCCAGGCGGAGTGCTTACTGCGTTAGCGGCGGCACCCGGGGGGTCGATACCCCGAACACCTAGCACTCATCGTTTACGGCGTGGACTAC,Armatimonadales,Armatimonadales_CGGGACTTAACCCAACATCTCACGACACGAGCTGACGACAGCCATGCAACACCTGTCTTTGTGCTCCCTTGCGGGAGGGCTCTGCTTTCACAGAGTTACACGCGATGTCAAGCCTGGGTAAGGTTCTTCGGTTAGTGACGAATTAATCCACATGCTCCACCGCTTGTGCGGGCCCCCGTCAATTCCTTTGAGTTTCAACCTTGCGGCCGTACTCCCCAGGCGGAGTGCTTACTGCGTTAGCGGCGGCACCCGGGGGGTCGATACCCCGAACACCTAGCACTCATCGTTTACGGCGTGGACTAC
680,CGGGACTTAACCCAACATCTCACGACACGAGCTGACGACAGCCATGCAGCACCTGTCTCTAGGTTCCCCGAAGGGCACCCCTTGATCTCTCAAAGGTTCCTAGGATGTCAAGACCTGGTAAGGTTCTTCGCGTTGCTTCGAATTAAACCACATGCTCCACCGCTTGTGCGGGCCCCCGTCAATTCCTTTGAGTTTCAACCTTGCGGCCGTACTTCCCAGGCGGTACGTTTATCGCGTTAGCTTCGCCCATAACAGCATCCTGCTATAGGCCAACGTACATCGTTTAGGGTGTGGACTAC,Deinococcus,Deinococcus_CGGGACTTAACCCAACATCTCACGACACGAGCTGACGACAGCCATGCAGCACCTGTCTCTAGGTTCCCCGAAGGGCACCCCTTGATCTCTCAAAGGTTCCTAGGATGTCAAGACCTGGTAAGGTTCTTCGCGTTGCTTCGAATTAAACCACATGCTCCACCGCTTGTGCGGGCCCCCGTCAATTCCTTTGAGTTTCAACCTTGCGGCCGTACTTCCCAGGCGGTACGTTTATCGCGTTAGCTTCGCCCATAACAGCATCCTGCTATAGGCCAACGTACATCGTTTAGGGTGTGGACTAC
682,CGGGACTTAACCCAACATCTCACGACACGAGCTGACGACAGCCATGCAGCACCTGTGCACAGGCCCCAAAGGGAGGGCGACTTTCATCACCTGTCCTGCACATGTCAAACCCAGGTAAGGTTCTTCGCGTTGCGTCGAATTAAACCACATGCTCCACCGCTTGTGCGGGCCCCCGTCAATTCCTTTGAGTTTCAGCCTTGCGACCGTACTCCCCAGGCGGGGCACTTACTGCGTTAGCGCCGGCACCGACGGGATCAAGACCGCCGGCACCTAGTGCCCATCGTTTACAGCGTGGACTAC,Entotheonellaceae,Entotheonellaceae_CGGGACTTAACCCAACATCTCACGACACGAGCTGACGACAGCCATGCAGCACCTGTGCACAGGCCCCAAAGGGAGGGCGACTTTCATCACCTGTCCTGCACATGTCAAACCCAGGTAAGGTTCTTCGCGTTGCGTCGAATTAAACCACATGCTCCACCGCTTGTGCGGGCCCCCGTCAATTCCTTTGAGTTTCAGCCTTGCGACCGTACTCCCCAGGCGGGGCACTTACTGCGTTAGCGCCGGCACCGACGGGATCAAGACCGCCGGCACCTAGTGCCCATCGTTTACAGCGTGGACTAC
691,CGGGACTTAACCCAACATCTCACGACACGAGCTGACGACAGCCATGCAGCACCTACGCAGCAGTCTCTTGCGAGAAAGGGATATTTCTACCCCGGTCCACTGCGCTTCGAGCCCAGGTAAGGTTCTTCGCGTTGCGTCGAATTGAACCACATGCTCCACCGCTTGTGCGGGCCCCCGTCAATTCCTTTGAGTTTCAGCCTTGCGACCGTACTCCCCAGGCGGATTGCTTATCGCGTTAGCTGCGGCACGACAGGATTGGGTACCTGTCACACCAAGCAATCATAGTTTAGGGCTAGGACTAC,Candidatus Koribacter,Candidatus Koribacter_CGGGACTTAACCCAACATCTCACGACACGAGCTGACGACAGCCATGCAGCACCTACGCAGCAGTCTCTTGCGAGAAAGGGATATTTCTACCCCGGTCCACTGCGCTTCGAGCCCAGGTAAGGTTCTTCGCGTTGCGTCGAATTGAACCACATGCTCCACCGCTTGTGCGGGCCCCCGTCAATTCCTTTGAGTTTCAGCCTTGCGACCGTACTCCCCAGGCGGATTGCTTATCGCGTTAGCTGCGGCACGACAGGATTGGGTACCTGTCACACCAAGCAATCATAGTTTAGGGCTAGGACTAC
736,CGGGACTTAACCCAACATCTCACGACACGAGCTGACGACAGCCATGCAGCACCTGTGCAAGCTGGTATTGCTACCTCGTCCCTCTTTCAAGGTTCTACTACTTGCATGTCAAGGCCAGGTAAGGTTCTTCGCGTTGCATCGAATTAAGCCACATACTCCACCGCTTGTGCAGGCCCCCGTCAATTTCTTTGAGTTTTAATCTTGCGACCGTACTTCCCAGGCGGCACGTTTATCGCGTTAGCTACGCCACAAAAGGGGTCGATTCCTTTTACAGCAAACGTGCACCGTTTACAGCTAGGACTAC,Pedosphaeraceae,Pedosphaeraceae_CGGGACTTAACCCAACATCTCACGACACGAGCTGACGACAGCCATGCAGCACCTGTGCAAGCTGGTATTGCTACCTCGTCCCTCTTTCAAGGTTCTACTACTTGCATGTCAAGGCCAGGTAAGGTTCTTCGCGTTGCATCGAATTAAGCCACATACTCCACCGCTTGTGCAGGCCCCCGTCAATTTCTTTGAGTTTTAATCTTGCGACCGTACTTCCCAGGCGGCACGTTTATCGCGTTAGCTACGCCACAAAAGGGGTCGATTCCTTTTACAGCAAACGTGCACCGTTTACAGCTAGGACTAC
754,CGGGACTTAACCCAACATCTCACGACACGAGCTGACGACAGCCATGCAGCACCTGTGCACACTGGTATTGCTACCTCGTCACCCTTTCAGGCTTCTACTATGTGCATGTCAAGGCCAGGTAAGGTTCTTCGCGTTGCATCGAATTAAGCCACATACTCCACCGCTTGTGCAGGCCCCCGTCAATTTCTTTGAGTTTTAATCTTGCGACCGTACTTCCCAGGCGGCATATTTAACGCGTTTGCTTCGCCACAAAAGGGGTCGATTCCTTTTACAGCAAATATGCACCGTTTACAGCTAGGACTAC,Pedosphaeraceae,Pedosphaeraceae_CGGGACTTAACCCAACATCTCACGACACGAGCTGACGACAGCCATGCAGCACCTGTGCACACTGGTATTGCTACCTCGTCACCCTTTCAGGCTTCTACTATGTGCATGTCAAGGCCAGGTAAGGTTCTTCGCGTTGCATCGAATTAAGCCACATACTCCACCGCTTGTGCAGGCCCCCGTCAATTTCTTTGAGTTTTAATCTTGCGACCGTACTTCCCAGGCGGCATATTTAACGCGTTTGCTTCGCCACAAAAGGGGTCGATTCCTTTTACAGCAAATATGCACCGTTTACAGCTAGGACTAC
764,CGGGACTTAACCCAACATCTCACGACACGAGCTGACGACAGCCATGCAACACCTGTCTTTGTGCTTCCTTGCGGAAGGGCTCAGCTTTCACTGAGTTACACGCGATGTCAAGCCTGGGTAAGGTTCTTCGGTTAGTGACGAATTAATCCACATGCTCCACCGCTTGTGCGGGCCCCCGTCAATTCCTTTGAGTTTCAACCTTGCGGCCGTACTCCCCAGGCGGAGTGCTTACTGCGTTAGCGGCGGCACCCGGGGGGTCGATACCCCGAACACCTAGCACTCATCGTTTACGGCGTGGACTAC,Armatimonadales,Armatimonadales_CGGGACTTAACCCAACATCTCACGACACGAGCTGACGACAGCCATGCAACACCTGTCTTTGTGCTTCCTTGCGGAAGGGCTCAGCTTTCACTGAGTTACACGCGATGTCAAGCCTGGGTAAGGTTCTTCGGTTAGTGACGAATTAATCCACATGCTCCACCGCTTGTGCGGGCCCCCGTCAATTCCTTTGAGTTTCAACCTTGCGGCCGTACTCCCCAGGCGGAGTGCTTACTGCGTTAGCGGCGGCACCCGGGGGGTCGATACCCCGAACACCTAGCACTCATCGTTTACGGCGTGGACTAC
964,ATGGACTTAACCAAACATCTCACGACACGAGCTGACGACGGCCATGCATCATCTGTCACCGAGTTCAATAAAGCACTCACTCCTTTCGGAGTAATTCTCGGGATGTCAAGCCCTGGTAAGGTTCTTCGTTTAGCATCGAATTAAAGAACATGATCCACCGCTTGTGCGGGTCCCCGTCAATTCCTTTATGTTTTAGTCTTGCGACCGTACTCCACAGGCGGGATACTTAACGCGTTAGCTTCGCTACTGAAGGGGTCGATACCTCCAACAGCTAGTATCCATCGTTTACGGCGTGGACTAC,TM7a,TM7a_ATGGACTTAACCAAACATCTCACGACACGAGCTGACGACGGCCATGCATCATCTGTCACCGAGTTCAATAAAGCACTCACTCCTTTCGGAGTAATTCTCGGGATGTCAAGCCCTGGTAAGGTTCTTCGTTTAGCATCGAATTAAAGAACATGATCCACCGCTTGTGCGGGTCCCCGTCAATTCCTTTATGTTTTAGTCTTGCGACCGTACTCCACAGGCGGGATACTTAACGCGTTAGCTTCGCTACTGAAGGGGTCGATACCTCCAACAGCTAGTATCCATCGTTTACGGCGTGGACTAC
1154,CGGGACTTAACCCAACACCTCACGGCACGAGCTGACGACAGCCATGCAGCACCTGAACCGGCAGTCCCCGAAGGGAAGATCCTATTTCTAGGACGGTCCGCCGTTGTCTAGCCCAGGTAAGGTTCTTCGCGTTGCGTCGAATTGAACCACATGCTCCACCGCTTGTGCGGGCCCCCGTCAATTCCTTTGAGTTTTAATCTTGCGACCGTACTCCCCAGGCGGGGCACTTAATGCGTTAGCTGCGGCACCCAGGGGGTCAATACCCCGGACACCTAGTGCCCATCGTTTACAGCGTGGACTAC,RCP2-54,RCP2-54_CGGGACTTAACCCAACACCTCACGGCACGAGCTGACGACAGCCATGCAGCACCTGAACCGGCAGTCCCCGAAGGGAAGATCCTATTTCTAGGACGGTCCGCCGTTGTCTAGCCCAGGTAAGGTTCTTCGCGTTGCGTCGAATTGAACCACATGCTCCACCGCTTGTGCGGGCCCCCGTCAATTCCTTTGAGTTTTAATCTTGCGACCGTACTCCCCAGGCGGGGCACTTAATGCGTTAGCTGCGGCACCCAGGGGGTCAATACCCCGGACACCTAGTGCCCATCGTTTACAGCGTGGACTAC
1225,ATGGACTTAACCAAACATCTCACGACACGAGCTGACGACGGCCATGCAACATCTGTCACCGAGTTCAATAAAGCACTCTCGCCTTTCGGCAAAATTCTCGGGATGTCAAACCCTGGTAAGGTTCTTCGTTTAGCATCGAATTAAAGAACATAATCCACCGCTTGTGCGGCTCCCCGTCAATTCCTTTATGTTTTAGTCTTGCGACCGTACTCCACAGGCGGGATACTTAACGCGTTAGCTTCGCTACTGAAGGGGTCGATACCTCCAACAGCTAGTATCCATCGTTTACGGCGTGGACTAC,TM7a,TM7a_ATGGACTTAACCAAACATCTCACGACACGAGCTGACGACGGCCATGCAACATCTGTCACCGAGTTCAATAAAGCACTCTCGCCTTTCGGCAAAATTCTCGGGATGTCAAACCCTGGTAAGGTTCTTCGTTTAGCATCGAATTAAAGAACATAATCCACCGCTTGTGCGGCTCCCCGTCAATTCCTTTATGTTTTAGTCTTGCGACCGTACTCCACAGGCGGGATACTTAACGCGTTAGCTTCGCTACTGAAGGGGTCGATACCTCCAACAGCTAGTATCCATCGTTTACGGCGTGGACTAC
1299,CGGGACTTAACCCAACATCTCACGACACGAGCTGACGACAGCCATGCAGCACCGGTGCTCCACCCTCGAAGGCCTCTCTGTTTCCAGAGCCTGCAGGAGCATGTCAAGGCAAGGTAAGGTTCTGCGCGTTGCGTCGAATTAAACCACACGCTCCGCTGCTTGTGCGGGCCCCCGTCAATTCCTTTGAGTTTTAAGCTTGCGCTCGTAGTCCCCAGGCGGCACACTCATCGCGTAAGCTTGGGCACCGCACCGACCTAGACGGTCGGTCCGACACCGGGTGTGCATCGTTTACTGCGTGGACTAC,Herpetosiphon,Herpetosiphon_CGGGACTTAACCCAACATCTCACGACACGAGCTGACGACAGCCATGCAGCACCGGTGCTCCACCCTCGAAGGCCTCTCTGTTTCCAGAGCCTGCAGGAGCATGTCAAGGCAAGGTAAGGTTCTGCGCGTTGCGTCGAATTAAACCACACGCTCCGCTGCTTGTGCGGGCCCCCGTCAATTCCTTTGAGTTTTAAGCTTGCGCTCGTAGTCCCCAGGCGGCACACTCATCGCGTAAGCTTGGGCACCGCACCGACCTAGACGGTCGGTCCGACACCGGGTGTGCATCGTTTACTGCGTGGACTAC
1328,ATGGACTTAACCAAACATCTCACGACACGAGCTGACGACGGCCATGCATCATCTGTCACCGAGTTCAATAAAGCACTCTCGTCTTTCGACAAAATTCTCGGGATGTCAAGCCCTGGTAAGGTTCTTCGTTTAGCATCGAATTAAAGAACATGATCCACCGCTTGTGCGGGTCCCCGTCAATTCCTTTATGTTTTAGTCTTGCGACCGTACTCCACAGGCGGGATACTTAACGCGTTAGCTTCGCTACTGAAGGGGTCGATACCTCCAACAGCTAGTATCCATCGTTTACGGCGTGGACTAC,TM7a,TM7a_ATGGACTTAACCAAACATCTCACGACACGAGCTGACGACGGCCATGCATCATCTGTCACCGAGTTCAATAAAGCACTCTCGTCTTTCGACAAAATTCTCGGGATGTCAAGCCCTGGTAAGGTTCTTCGTTTAGCATCGAATTAAAGAACATGATCCACCGCTTGTGCGGGTCCCCGTCAATTCCTTTATGTTTTAGTCTTGCGACCGTACTCCACAGGCGGGATACTTAACGCGTTAGCTTCGCTACTGAAGGGGTCGATACCTCCAACAGCTAGTATCCATCGTTTACGGCGTGGACTAC
1331,CGGGACTTAACCCAACATCTCACGACACGAGCTGACGACAGCCATGCAGCACCGGTGCTACACCCTCGAAGGCTCCTCCGTTTCCGGAGTGTGCAGTAGCATGTCAAGGCAAGGTAAGGTTCTGCGCGTTGCGTCGAATTAAACCACACGCTCCGCTGCTTGTGCGGGCCCCCGTCAATTCCTTTGAGTTTTAAGCTTGCGCTCGTAGTCCCCAGGCGGCACACTCATCGCGTAAGCTTGGGCACCGCACCGACCTTAACAGTCGGTCCGACACCGGGTGTGCATCGTTTACTGCGTGGACTAC,Herpetosiphon,Herpetosiphon_CGGGACTTAACCCAACATCTCACGACACGAGCTGACGACAGCCATGCAGCACCGGTGCTACACCCTCGAAGGCTCCTCCGTTTCCGGAGTGTGCAGTAGCATGTCAAGGCAAGGTAAGGTTCTGCGCGTTGCGTCGAATTAAACCACACGCTCCGCTGCTTGTGCGGGCCCCCGTCAATTCCTTTGAGTTTTAAGCTTGCGCTCGTAGTCCCCAGGCGGCACACTCATCGCGTAAGCTTGGGCACCGCACCGACCTTAACAGTCGGTCCGACACCGGGTGTGCATCGTTTACTGCGTGGACTAC
1500,CGGGACTTAACCCAACACCTCACGGCACGAGCTGACGACAGCCATGCAGCACCTGAACCGGCAGTCCCCGAAGGGAAGATCCTATTTCTAGGATGGTCCGCCGTTGTCTAGCCCAGGTAAGGTTCTTCGCGTTGCGTCGAATTGAACCACATGCTCCACCGCTTGTGCGGGCCCCCGTCAATTCCTTTGAGTTTTAATCTTGCGACCGTACTCCCCAGGCGGGGCACTTAATGCGTTAGCTGCGGCACCCAGGGGGTCAATACCCCGGACACCTAGTGCCCATCGTTTACAGCGTGGACTAC,RCP2-54,RCP2-54_CGGGACTTAACCCAACACCTCACGGCACGAGCTGACGACAGCCATGCAGCACCTGAACCGGCAGTCCCCGAAGGGAAGATCCTATTTCTAGGATGGTCCGCCGTTGTCTAGCCCAGGTAAGGTTCTTCGCGTTGCGTCGAATTGAACCACATGCTCCACCGCTTGTGCGGGCCCCCGTCAATTCCTTTGAGTTTTAATCTTGCGACCGTACTCCCCAGGCGGGGCACTTAATGCGTTAGCTGCGGCACCCAGGGGGTCAATACCCCGGACACCTAGTGCCCATCGTTTACAGCGTGGACTAC
