Taxon,X03_18.Cel.S.c4,X03_18.Cel.GS.c3,X05_18.Apa.GS.c3,X03_18.Soi.S.b2,X03_18.Apa.S.b1,X05_07_18.Ger.a5,X03_18.Cel.S.b2,X03_18.Cel.S.c2,X03_18.Cel.GS.c5,X03_18.Apa.S.c5
CGGGACTTAACCCAACATTTCACAACACGAGCTGACGACAGCCATGCAGCACCTGTCTCAGCGTTCCCGAAGGCACCAAAGCATCTCTGCTAAGTTCGCTGGATGTCAAGAGTAGGTAAGGTTCTTCGCGTTGCATCGAATTAAACCACATGCTCCACCGCTTGTGCGGGCCCCCGTCAATTCATTTGAGTTTTAACCTTGCGGCCGTACTCCCCAGGCGGTCGACTTAACGCGTTAGCTCCGGAAGCCACTCCTCAAGGGAACAACCTCCAAGTCGACATCGTTTACGGCGTGGACTAC,0,0,0,0,0,3774,0,0,0,0
CGGGACTTAACCCAACATCTCACGACACGAGCTGACGACAACCATGCACCACCTGTATACCGACCTTGCGGGGCACACATCTCTGCATGTTTCCGGTATATGTCAAGCCTTGGTAAGGTTCTTCGCGTTGCATCGAATTAATCCGCATGCTCCGCCGCTTGTGCGGGCCCCCGTCAATTCCTTTGAGTTTTAGCCTTGCGGCCGTACTCCCCAGGCGGGGAACTTAATGCGTTAGCTGCGACACGGAGACCGTGGAATGGTCCCCACATCTAGTTCCCAACGTTTACGGCATGGACTAC,144,108,0,27133,180,1300,0,435,265,109
CGGGACTTAACCCAACATCTCACGACACGAGCTGACGACAGCCATGCAGCACCTGTGTGCAGGTCCCCGAAGGGAAGAAATCCATCTCTGGAAGTCGTCCTGCCATGTCAAACGCTGGTAAGGTTCTGCGCGTTGCTTCGAATTAAACCACATGCTCCACCGCTTGTGCAGGCCCCCGTCAATTCATTTGAGTTTTAACCTTGCGGCCGTACTCCCCAGGCGGATAACTTAATGCGTTAGCTGCGCCACCCAAACACCAAGTGTCCGGACAGCTAGTTATCATCGTTTACGGCGTGGACTAC,517,398,566,1191,381,2384,275,7703,674,477
CGGGACTTAACCCAACATCTCACGACACGAGCTGACGACAACCATGCACCACCTGTATACCGACCTTGCGGGGCGACCATCTCTGGACGTTTCCGGTATATGTCAAGCCTTGGTAAGGTTCTTCGCGTTGCATCGAATTAATCCGCATGCTCCGCCGCTTGTGCGGGCCCCCGTCAATTCCTTTGAGTTTTAGCCTTGCGGCCGTACTCCCCAGGCGGGGAACTTAATGCGTTAGCTGCGACACGGAGACCGTGGAATGGCCCCCACATCTAGTTCCCAACGTTTACGGCATGGACTAC,1963,207,570,0,1912,4111,522,1092,651,452
CGGGACTTAACCCAACATCTCACGACACGAGCTGACGACAGCCATGCAGCACCTGTCTCAATGTTCCCGAAGGCACCAATCCATCTCTGGAAAGTTCATTGGATGTCAAGGCCTGGTAAGGTTCTTCGCGTTGCTTCGAATTAAACCACATGCTCCACCGCTTGTGCGGGCCCCCGTCAATTCATTTGAGTTTTAACCTTGCGGCCGTACTCCCCAGGCGGTCAACTTAATGCGTTAGCTGCGCCACTAAGAGCTCAAGGCTCCCAACGGCTAGTTGACATCGTTTACGGCGTGGACTAC,0,0,484,8625,0,567,10518,2830,0,0
CGGGACTTAACCCAACACCTCACGGCACGAGCTGACGACGGCCATGCAGCACCTTGCTTTGTGTCCCGAAGGAAAAGCTCATCTCTGAGCCGGTCACGCGCATTCTAGCCTAGGTAAGGTTCCTCGCGTATCATCGAATTAAACCACATGCTCCACCACTTGTGCGGGCCCCCGTCAATTCCTTTGAGTTTCACTCTTGCGAGCGTACTCCCCAGGTGGGATACTTATCGGTTTCCCTAAGCCACGAACAATCTTTAGCTCGCAGCGAGTATCCATCGTTTACGGCGTGGACTAC,1546,263,499,3827,7987,573,157,1773,407,1155
CGGGACTTAACCCAACATCTCACGACACGAGCTGACGACAGCCATGCAGCACCTGTGTGCAGGTCCCCGAAGGGAAGAAATCCATCTCTGGAAGTCGTCCTGCCATGTCAAACGCTGGTAAGGTTCTGCGCGTTGCTTCGAATTAAACCACATGCTCCACCGCTTGTGCAGGCCCCCGTCAATTCATTTGAGTTTTAACCTTGCGGCCGTACTCCCCAGGCGGATAACTTAATGCGTTAGCTGCGCCACCCAAAGACCAAGTCCCCGGACAGCTAGTTATCATCGTTTACGGCGTGGACTAC,303,0,383,819,103,2829,154,1161,280,312
CGGGACTTAACCCAACATCTCACGACACGAGCTGACGACAACCATGCACCACCTGTCTCCTTTGTCCCGAAGGAAAAGACTATCTCTAGTCCGGTCAAAGGGATGTCAAGACTTGGTAAGGTTCTTCGCGTTGCTTCGAATTAAACCACATACTCCACTGCTTGTGCGGGTCCCCGTCAATTCCTTTGAGTTTCAGTCTTGCGACCGTACTCCCCAGGCGGAATGCTTAATGTGTTAACTTCGGCACCAAGGGTATCGAAACCCCTAACACCTAGCATTCATCGTTTACGGCGTGGACTAC,0,0,0,0,0,1407,0,0,0,0
CGGGACTTAACCCAACATTTCACAACACGAGCTGACGACAGCCATGCAGCACCTGTCTCAGCGTTCCCGAAGGCACCAATCCATCTCTGGAAAGTTCGCTGGATGTCAAGAGTAGGTAAGGTTCTTCGCGTTGCATCGAATTAAACCACATGCTCCACCGCTTGTGCGGGCCCCCGTCAATTCATTTGAGTTTTAACCTTGCGGCCGTACTCCCCAGGCGGTCGACTTAACGCGTTAGCTCCGGAAGCCACTCCTCAAGGGAACAACCTCCAAGTCGACATCGTTTACGGCGTGGACTAC,0,0,0,0,0,932,0,0,0,0
CGGGACTTAACCCAACACCTCACGGCACGAGCTGACGACGGCCATGCAGCACCTTGCTTTGTGTCCCGAAGGAAAGGCTCATCTCTGAGCCGGTCACGCGCATTCTAGCCTAGGTAAGGTTCCTCGCGTATCATCGAATTAAACCACATGCTCCACCACTTGTGCGGGCCCCCGTCAATTCCTTTGAGTTTCACTCTTGCGAGCGTACTCCCCAGGTGGGATACTTATCGGTTTCCCTAAGCCACGAACAATCTTTAGCTCGCAGCGAGTATCCATCGTTTACGGCGTGGACTAC,825,129,411,1640,3721,1006,0,968,282,1580
CGGGACTTAACCCAACATCTCACGACACGAGCTGACGACAACCATGCACCACCTGTACACCGACCACAAGGGGGCGACCATCTCTGGCCGTTTCCGGTGTATGTCAAGCCTTGGTAAGGTTCTTCGCGTTGCATCGAATTAATCCGCATGCTCCGCCGCTTGTGCGGGCCCCCGTCAATTCCTTTGAGTTTTAGCCTTGCGGCCGTACTCCCCAGGCGGGGCGCTTAATGCGTTAGCTACGACACAGAAACCGTGGAAAGGTCCCTACATCTAGCGCCCAACGTTTACGGCATGGACTAC,0,0,0,0,0,1039,0,0,0,0
CGGGACTTAACCCAACATCTCACGACACGAGCTGACGACAACCATGCACCACCTGTATACCGACCTTGCGGGGCAACCATTTCTGGAAGTTTCCGGTATATGTCAAGCCTTGGTAAGGTTCTTCGCGTTGCATCGAATTAATCCGCATGCTCCGCCGCTTGTGCGGGCCCCCGTCAATTCCTTTGAGTTTTAGCCTTGCGGCCGTACTCCCCAGGCGGGGAACTTAATGCGTTAGCTGCGACACGGAGACCGTGGAAAGGTCCCCACATCTAGTTCCCAACGTTTACGGCGTGGACTAC,625,76,157,151,398,2792,0,121,106,177
CGGGACTTAACCCAACATTTCACAACACGAGCTGACGACAGCCATGCAGCACCTGTCTCACGGTTCCCGAAGGCACTAAGGCATCTCTGCCAAATTCCGTGGATGTCAAGAGTAGGTAAGGTTCTTCGCGTTGCATCGAATTAAACCACATGCTCCACCGCTTGTGCGGGCCCCCGTCAATTCATTTGAGTTTTAACCTTGCGGCCGTACTCCCCAGGCGGTCGACTTAACGCGTTAGCTCCGGAAGCCACTCCTCAAGGGAACAACCTCCAAGTCGACATCGTTTACGGCGTGGACTAC,0,0,0,0,0,7297,0,0,57,0
CGGGACTTAACCCAACATCTCACGACACGAGCTGACGACAGCCATGCAGCACCTGTGTTACGGTTCTCTTTCGAGCACAGCCAAATCTCTTCGGCCTTCCGTACATGTCAAGGGTAGGTAAGGTTTTTCGCGTTGCATCGAATTAATCCACATCATCCACCGCTTGTGCGGGTCCCCGTCAATTCCTTTGAGTTTTAATCTTGCGACCGTACTCCCCAGGCGGTCTACTTCACGCGTTAGCTGCGTTACCAAGTTAATTAAAACCCGACAACTAGTAGACATCGTTTAGGGCGTGGACTAC,0,107,116,0,69,763,86,114,286,100
CGGGACTTAACCCAACACCTCACGGCACGAGCTGACGACGGCCATGCAGCACCTTGCTTTGTGTCCCGAAGGAAAGGCTCATCTCTGAGCCGGTCACGCGCATTCTAGCCTAGGTAAGGTTCCTCGCGTATCATCGAATTAAACCACATGCTCCACCACTTGTGCGGGCCCCCGTCAATTCCTTTGAGTTTCACCGTTGCCGGCGTACTCCCCAGGTGGGATACTTATCGGTTTCCCTAAGCCACGAACAATCTTTAGCTCGCAGCGAGTATCCATCGTTTACGGCGTGGACTAC,199,0,59,1813,1340,263,0,129,118,663
CGGGACTTAACCCAACATCTCACGACACGAGCTGACGACAACCATGCACCACCTGTATACCGACCTTGCGGGGCGACCATCTCTGGCCGTTTCCGGTATATGTCAAGCCTTGGTAAGGTTCTTCGCGTTGCATCGAATTAATCCGCATGCTCCGCCGCTTGTGCGGGCCCCCGTCAATTCCTTTGAGTTTTAGCCTTGCGGCCGTACTCCCCAGGCGGGGAACTTAATGCGTTAGCTGCGACACGGAGACCGTGGAATGGTCCCCACATCTAGTTCCCAACGTTTACGGCATGGACTAC,426,52,118,0,160,2725,0,124,171,73
CGGGACTTAACCCAACATCTCACGACACGAGCTGACGACAGCCATGCAGCACCTGTCTCAATGTTCCCGAAGGCACCAATCTATCTCTAGAAAGTTCATTGGATGTCAAGGCCTGGTAAGGTTCTTCGCGTTGCTTCGAATTAAACCACATGCTCCACCGCTTGTGCGGGCCCCCGTCAATTCATTTGAGTTTTAACCTTGCGGCCGTACTCCCCAGGCGGTCAACTTAATGCGTTAGCTGCGCCACTAAAAGCTCAAGGCTTCCAACGGCTAGTTGACATCGTTTACGGCGTGGACTAC,0,0,0,0,0,7854,599,0,0,0
CGGGACTTAACCCAACATCTCACGACACGAGCTGACGACAGCCATGCAGCACCTGTGTTCGCGTCCCCGAAGGGAACCCCGGATCTCTCCGGATGGCACGACATGTCAAGGGATGGTAAGGTTCTGCGCGTTGCTTCGAATTAAACCACATGCTCCACCGCTTGTGCGGGCCCCCGTCAATTCCTTTGAGTTTTAATCTTGCGACCGTACTCCCCAGGCGGAATGCTTAAAGCGTTAGCTGCGCTACTGAGGTGCAAGCACCCCAACAGCTAGCATTCATCGTTTACGGCGTGGACTAC,76,71,61,177,46,807,0,92,78,178
CGGGACTTAACCCAACATTTCACAACACGAGCTGACGACAGCCATGCAGCACCTGTCTCACGGTTCCCGAAGGCACTAAGGCATCTCTGCCGAATTCCGTGGATGTCAAGGCCAGGTAAGGTTCTTCGCGTTGCATCGAATTAAACCACATGCTCCACCGCTTGTGCGGGCCCCCGTCAATTCATTTGAGTTTTAACCTTGCGGCCGTACTCCCCAGGCGGTCGACTTAACGCGTTAGCTCCGGAAGCCACGCCTCAAGGGCACAACCTCCAAGTCGACATCGTTTACGGCGTGGACTAC,0,0,0,0,0,28,0,0,0,0
CGGGACTTAACCCAACATCTCACGACACGAGCTGACGACAGCCATGCAGCACCTGTGTTACGGTTCTCTTTCGAGCACAACCAAATCTCTTCGGTCTTCCGTACATGTCAAGGGTAGGTAAGGTTTTTCGCGTTGCATCGAATTAATCCACATCATCCACCGCTTGTGCGGGTCCCCGTCAATTCCTTTGAGTTTTAATCTTGCGACCGTACTCCCCAGGCGGTCTACTTCACGCGTTAGCTGCGTTACCAAGTTAATTAAAACCCGACAACTAGTAGACATCGTTTAGGGCGTGGACTAC,0,34,129,0,57,1180,187,74,95,143
CGGGACTTAACCCAACATCTCACGACACGAGCTGACGACAACCATGCACCACCTGTCTCCTCTGTCCCGAAGGAAAGGTACATCTCTGTACCGGTCAGAGGGATGTCAAGACCTGGTAAGGTTCTTCGCGTTGCTTCGAATTAAACCACATACTCCACTGCTTGTGCGGGTCCCCGTCAATTCCTTTGAGTTTCAGTCTTGCGACCGTACTCCCCAGGCGGAGTGCTTAATGTGTTAACTTCGGCACCAAGGGTATCGAAACCCCTAACACCTAGCACTCATCGTTTACGGCGTGGACTAC,0,248,758,328,0,0,346,133,562,197
CGGGACTTAACCCAACATCTCACGACACGAGCTGACGACAGCCATGCAGCACCTGTGTTCCAGTCCCCGAAGGGAAGAGATCCATCTCTGGAAATCGTCCGGACATGTCAAACGCTGGTAAGGTTCTGCGCGTTGCTTCGAATTAAACCACATGCTCCACCGCTTGTGCAGGCCCCCGTCAATTCATTTGAGTTTTAACCTTGCGGCCGTACTCCCCAGGCGGATAACTTAATGCGTTAGCTGCGCCACCCAAAGACCAAGTCCCCGGACAGCTAGTTATCATCGTTTACGGCGTGGACTAC,0,0,0,82,0,1332,0,0,0,0
CGGGACTTAACCCAACATCTCACGACACGAGCTGACGACAGCCATGCAGCACCTGTGTGCAGGTCCCCGAAGGGAAGAAATCTGTCTCCAGAAGTCGTCCTGCCATGTCAAACGCTGGTAAGGTTCTGCGCGTTGCTTCGAATTAAACCACATGCTCCACCGCTTGTGCAGGCCCCCGTCAATTCATTTGAGTTTTAACCTTGCGGCCGTACTCCCCAGGCGGATAACTTAATGCGTTAGCTGCGCCACCCAAAGACCAAGTCCCCGGACAGCTAGTTATCATCGTTTACGGCGTGGACTAC,140,60,0,416,0,1449,62,219,201,79
CGGGACTTAACCCAACATCTCACGACACGAGCTGACGACAGCCATGCACCACCTGTACACCCCCAAAAGAAGCCCCATCTCTGGAGCGGCAGGGTGTATGTCAAACCCAGGTAAGGTTCTTCGCGTTGCATCGAATTAATCCGCATGCTCCGCCGCTTGTGCGGGCCCCCGTCAATTCCTTTGAGTTTTAGCCTTGCGGCCGTACTCCCCAGGCGGGGCGCTTAATGCGTTAGCTGCGGCACGGAATCCGTGGAATGGACCCCACACCTAGCGCCCAACGTTTACGGTGTGGACTAC,1446,834,794,389,2112,585,610,698,663,356
CGGGACTTAACCCAACATCTCACGACACGAGCTGACGACAGCCATGCAGCACCTGTCTCAATGCTCCCGAAGGCACCAATCCATCTCTGGAAAGTTCATTGGATGTCAAGGCCTGGTAAGGTTCTTCGCGTTGCTTCGAATTAAACCACATGCTCCACCGCTTGTGCGGGCCCCCGTCAATTCATTTGAGTTTTAACCTTGCGGCCGTACTCCCCAGGCGGTCAACTTAATGCGTTAGCTGCGCCACTAAGAGCTCAAGGCTCCCAACGGCTAGTTGACATCGTTTACGGCGTGGACTAC,55,0,114,2507,0,85,0,713,0,0
CGGGACTTAACCCAACATCTCACGACACGAGCTGACGACAACCATGCACCACCTGTACGCGACCAACTAAATGACACCCCATCTCTGGGATTCCACCGCGCATGTCAAGCCTTGGTAAGGTTCTTCGCGTTGCATCGAATTAATCCGCATGCTCCGCCGCTTGTGCGGGCCCCCGTCAATTCCTTTGAGTTTTAGCCTTGCGGCCGTACTCCCCAGGCGGGGCGCTTAATGCGTTAGCTGCGGCACGGAATCCGTGGAATGGACCCCACACCTAGCGCCCAACGTTTACGGCATGGACTAC,147,0,31,97,77,1349,0,249,0,73
CGGGACTTAACCCAACATCTCACGACACGAGCTGACGACAGCCATGCACCACCTGTATACCGACTAAAAGGGGCCCCATCTCTGGGGCTTTCCGGCATATGTCAAACCCAGGTAAGGTTCTTCGCGTTGCATCGAATTAATCCGCATGCTCCGCCGCTTGTGCGGGCCCCCGTCAATTCCTTTGAGTTTTAGCCTTGCGGCCGTACTCCCCAGGCGGGGCGCTTAATGCGTTAGCTGCGGCACGGAATCCGTGGAATGGACCCCACACCTAGCGCCCAACGTTTACGGTGTGGACTAC,3486,1608,995,365,2795,0,1450,758,1381,483
CGGGACTTAACCCAACATCTCACGACACGAGCTGACGACAACCATGCACCACCTGTATACCGACCTTGCGGGGCGACCATCTCTGGCCGTTTCCGGTATATGTCAAGCCTTGGTAAGGTTCTTCGCGTTGCATCGAATTAATCCGCATGCTCCGCCGCTTGTGCGGGCCCCCGTCAATTCCTTTGAGTTTTAGCCTTGCGGCCGTACTCCCCAGGCGGGGAACTTAATGCGTTAGCTGCGACACGGAGACCGTGGAATGGTCCCCACATCTAGTTCCCAACGTTTACGGCGTGGACTAC,232,0,100,0,191,720,0,64,49,51
CGGGACTTAACCCAACATCTCACGACACGAGCTGACGACAGCCATGCAGCACCTGTGTTCCAGTCCCCGAAGGGAAGAGATCGGTCTCCCGAAATCGTCCGGACATGTCAAACGCTGGTAAGGTTCTGCGCGTTGCTTCGAATTAAACCACATGCTCCACCGCTTGTGCAGGCCCCCGTCAATTCATTTGAGTTTTAACCTTGCGGCCGTACTCCCCAGGCGGATAACTTAATGCGTTAGCTGCGCCACCGAAGCTCTAAGAGCCCCGACAGCTAGTTATCATCGTTTACGGCGTGGACTAC,152,122,0,288,187,633,230,232,135,172
CGGGACTTAACCCAACATCTCACGACACGAGCTGACGACAGCCATGCAGCACCTGTCTCAATGTTCCCGAAGGCACCAATCCATCTCTGGAAAGTTCATTGGATGTCAAGGCCTGGTAAGGTTCTTCGCGTTGCTTCGAATTAAACCACATGCTCCACCGCTTGTGCGGGCCCCCGTCAATTCATTTGAGTTTTAACCTTGCGGCCGTACTCCCCAGGCGGTCAACTTAATGCGTTAGCTGCGCCACTAAAAGCTCAAGGCTTCCAACGGCTAGTTGACATCGTTTACGGCGTGGACTAC,233,0,28,0,43,1583,828,218,0,0
CGGGACTTAACCCAACATCTCACGACACGAGCTGACGACAACCATGCACCACCTGTAAACCGGCCACAAGTGGCTGACACATCTCTGCATCATTCCGGTTCATGTCAAGCCTTGGTAAGGTTCTTCGCGTTGCATCGAATTAATCCGCATGCTCCGCCGCTTGTGCGGGCCCCCGTCAATTCCTTTGAGTTTTAGCCTTGCGGCCGTACTCCCCAGGCGGGGCACTTAATGCGTTAGCTACGGCGCGGAAAACGTGGAATGTCCCCCACACCTAGTGCCCAACGTTTACGGCATGGACTAC,320,0,0,0,0,484,0,194,256,0
CGGGACTTAACCCAACATCTCACGACACGAGCTGACGACAGCCATGCACCACCTGTGATGGTGTCCCGAAGGAAAGGTGTGTTTCCACACCGGTCACCAACATGTCAAACCCAGGTAAGGTTCTTCGCGTTGCGTCGAATTAAACCACATGCTCCGCTGCTTGTGCGGGCCCCCGTCAATTCCTTTGAGTTTTAGCCTTGCGGCCGTACTCCCCAGGCGGGGCACTTAATGCGTTAGCGTCGGCACGGGAGGAGTCGACACCTCCCACACCTAGTGCCCATCGTTTACGGCGTGGACTAC,1557,1449,1486,403,968,67,1429,702,1694,1225
CGGGACTTAACCCAACACCTCACGGCACGAGCTGACGACGGCCATGCAGCACCTTGCTTTGTGTCCCGAAGGAAAAGCTCATCTCTGAGCCGGTCACGCGCATTCTAGCCTAGGTAAGGTTCCTCGCGTATCATCGAATTAAACCACATGCTCCACCACTTGTGCGGGCCCCCGTCAATTCCTTTGAGTTTCACCGTTGCCGGCGTACTCCCCAGGTGGGATACTTATCGGTTTCCCTAAGCCACGAACAATCTTTAGCTCGCAGCGAGTATCCATCGTTTACGGCGTGGACTAC,56,0,0,188,100,0,0,116,39,101
CGGGACTTAACCCAACATCTCACGACACGAGCTGACGACAACCATGCACCACCTGTACACCAGTCCGAAGACGCACACATCTCTGCATGATTCCGGTGTATGTCAAGCCTTGGTAAGGTTCTTCGCGTTGCATCGAATTAATCCGCATGCTCCGCCGCTTGTGCGGGCCCCCGTCAATTCCTTTGAGTTTTAGCCTTGCGGCCGTACTCCCCAGGCGGGGCACTTAATGCGTTAGCTGCGGCGCGGAACTCGTGGAATGAGCCCCACACCTAGTGCCCAACGTTTACGGCATGGACTAC,0,0,0,0,0,807,0,0,0,0
CGGGACTTAACCCAACATCTCACGACACGAGCTGACGACAGCCATGCAGCACCTGTGTTACGGCTCTCTTTCGAGCACACCTCGATCTCTCGTGGCTTCCGTACATGTCAAGGGTAGGTAAGGTTTTTCGCGTTGCATCGAATTAATCCACATCATCCACCGCTTGTGCGGGTCCCCGTCAATTCCTTTGAGTTTTAATCTTGCGACCGTACTCCCCAGGCGGTCTACTTCACGCGTTAGCTGCGTTACCAAGTTAATTAAAACCCGACAACTAGTAGACATCGTTTAGGGCGTGGACTAC,352,1873,514,54,469,52,1333,557,892,547
CGGGACTTAACCCAACATCTCACGACACGAGCTGACGACAACCATGCACCACCTGTATACCGACCTTGCGGGGCGCACATCTCTGCACGTTTCCGGTATATGTCAAGCCTTGGTAAGGTTCTTCGCGTTGCATCGAATTAATCCGCATGCTCCGCCGCTTGTGCGGGCCCCCGTCAATTCCTTTGAGTTTTAGCCTTGCGGCCGTACTCCCCAGGCGGGGAACTTAATGCGTTAGCTGCGACACGGAGACCGTGGAATGGTCCCCACATCTAGTTCCCAACGTTTACGGCATGGACTAC,192,0,0,0,93,545,0,64,57,0
CGGGACTTAACCCAACATCTCACGACACGAGCTGACGACAACCATGCACCACCTGTGTGCGACCCTTACGGACCCACCATCTCTGGAGGATTTCCGCACATGTCAAGCCTAGGTAAGGTTCTTCGCGTTGCATCGAATTAAGCAACATGCTCCGCCGCTTGTGCGGGCCCCCGTCAATTCCTTTGAGTTTTAGCCTTGCGGCCGTACTCCCCAGGCGGGGCGCTTAATGCGTTAGCTGCGGCACGGAGACCGTGGAATGGCCCCCACACCTAGCGCCCAACGTTTACGGCGTGGACTAC,90,0,53,36,58,854,0,29,17,53
CGGGACTTAACCCAACATCTCACGACACGAGCTGACGACAGCCATGCACCACCTGTACACCGACCACAAGGGGGACCGTATCTCTACGGTTTTCCGGTGTATGTCAAACCCAGGTAAGGTTCTTCGCGTTGCATCGAATTAATCCACATGCTCCGCCGCTTGTGCGGGCCCCCGTCAATTCCTTTGAGTTTTAGCCTTGCGGCCGTACTCCCCAGGCGGGGCGCTTAATGCGTTAGCTACGGCACAGATCCCGTGGAAGGAACCCACACCTAGCGCCCACCGTTTACGGCGTGGACTAC,0,0,0,0,0,1459,0,0,0,0
CGGGACTTAACCCAACATCTCACGACACGAGCTGACGACAGCCATGCACCACCTGTGATCGAGTCCCGAAGGAGGGCCGTATTTCTACGGCTTTCCCGACCATGTCAAGCCTTGGTAAGGTTCTTCGCGTTGCGTCGAATTAAACCACATGCTCCGCTGCTTGTGCGGGCCCCCGTCAATTCCTTTGAGTTTTAGCCTTGCGGCCGTACTCCCCAGGCGGGGTGCTTAATGCGTTAGCTTCGGCACGGGGGGAGTCGACACCCCCCACACCTAGCACCCATCGTTTACGGCGTGGACTAC,1358,944,1553,579,1055,172,1097,0,969,656
CGGGACTTAACCCAACATCTCACGACACGAGCTGACGACAGCCATGCAGCACCTGTGTTCGCGTCCCCGAAGGGAACCCCGGATCTCTCCGGATGGCACGACATGTCAAGGGATGGTAAGGTTCTGCGCGTTGCTTCGAATTAAACCACATGCTCCACCGCTTGTGCGGGCCCCCGTCAATTCCTTTGAGTTTTAATCTTGCGACCGTACTCCCCAGGCGGAATGCTTAAAGCGTTAGCTGCGCTACTGCGGTGCAAGCACCCCAACAGCTAGCATTCATCGTTTACGGCGTGGACTAC,0,0,0,146,0,204,0,0,39,0
CGGGACTTAACCCAACATCTCACGACACGAGCTGACGACAACCATGCACCACCTGTCACCGCTGCCCCGAAGGGAAACTCTATCTCTAGAGCGGTCAGCGGGATGTCAAGTCTTGGTAAGGTTCTTCGCGTTGCTTCGAATTAAACCACATGCTCCACTGCTTGTGCGGGCCCCCGTCAATTCCTTTGAGTTTCAGTCTTGCGACCGTACTCCCCAGGCGGAGTGCTTAATGCGTTAGCTTCGGCACTGAGGGTGGTACCCCCCAACACCTAGCACTCATCGTTTACGGCGTGGACTAC,0,139,283,0,40,0,419,84,74,143
CGGGACTTAACCCAACACCTCACGGCACGAGCTGACGACGGCCATGCAGCACCTTGCTTTGTGTCCCGAAGGAAAGGTTCGTCTCCGAACCGGTCACGCGCATTCTAGCCTAGGTAAGGTTCCTCGCGTATCATCGAATTAAACCACATGCTCCACCACTTGTGCGGGCCCCCGTCAATTCCTTTGAGTTTCACCCTTGCGGGCGTACTCCCCAGGTGGGATACTTAACGCTTTCGCTAAGCCAGCAACAGTCTATCGCTGCCAGCGAGTATCCATCGTTTACGGCGTGGACTAC,0,0,0,3150,17,129,0,45,43,42
CGGGACTTAACCCAACATCTCACGACACGAGCTGACGACAGCCATGCAGCACCTGTCACCTATCCAGCCGAACTGAAGGAAACCATCTCTGGTAACCGCGATAGGGATGTCAAACGTTGGTAAGGTTCTGCGCGTTGCTTCGAATTAAACCACATGCTCCACCGCTTGTGCAGGCCCCCGTCAATTTCTTTGAGTTTTAACCTTGCGGCCGTACTCCCCAGGCGGATAACTTAATGCGTTAGCTGCGCCACCCAAGCACCAAGTGCCCGGACAGCTAGTTATCATCGTTTACGGCGTGGACTAC,0,0,0,61,0,112,0,0,0,0
CGGGACTTAACCCAACATCTCACGACACGAGCTGACGACAGCCATGCAGCACCTGTGTTCCAGTCCCCGAAGGGAAGAGATCCATCTCTGGAAATCGTCCGGACATGTCAAACGCTGGTAAGGTTCTGCGCGTTGCTTCGAATTAAACCACATGCTCCACCGCTTGTGCAGGCCCCCGTCAATTCCTTTGAGTTTTAACCTTGCGGCCGTACTCCCCAGGCGGATAACTTAATGCGTTAGCTGCGCCACCCAAAGACCAGGTCCCCGGACAGCTAGTTATCATCGTTTACGGCGTGGACTAC,0,0,0,0,0,41,0,0,0,0
CGGGACTTAACCCAACACCTCACGGCACGAGCTGACGACGGCCATGCAGCACCTTGCTTTGTGTCCCGAAGGAAAGCCTCATCTCTGAGGCGGTCACGCGCATTCTAGCCTAGGTAAGGTTCCTCGCGTATCATCGAATTAAACCACATGCTCCACCACTTGTGCGGGCCCCCGTCAATTCTTTTGAGTTTCACTCTTGCGAGCGTACTCCCCAGGTGGGATACTTAACGCTTTCGCTAAGCCAGTGACCGTCTATCGCCACCAGCGAGTATCCATCGTTTACGGCGTGGACTAC,928,225,438,1093,1554,59,193,682,287,1243
CGGGACTTAACCCAACATCTCACGACACGAGCTGACGACAACCATGCACCACCTGTTCAAGATCCCTTGCGGACCCACCATTTCTGATGGTTTACCCTGAATGTCAAGCCTTGGTAAGGTTCTTCGCGTTGCATCGAATTAATCCGCATGCTCCGCCGCTTGTGCGGGGCCCCGTCAATTCCTTTGAGTTTTAGCCTTGCGGCCGTACTCCCCAGGCGGGGCGCTTAATGCGTTAGCTGCGGCACAGACCTCGTGGAATGAGACCCACACCTAGCGCCCAACGTTTACGGCGTGGACTAC,56,0,0,0,32,219,0,0,0,0
CGGGACTTAACCCAACATCTCACGACACGAGCTGACGACAGCCATGCAGCACCTGTGTTACGGTTCTCTTTCGAGCACACCTCGATCTCTCGTGGCTTCCGTACATGTCAAGGGTAGGTAAGGTTTTTCGCGTTGCATCGAATTAATCCACATCATCCACCGCTTGTGCGGGTCCCCGTCAATTCCTTTGAGTTTTAATCTTGCGACCGTACTCCCCAGGCGGTCTACTTCACGCGTTAGCTGCGTTACCAAGTTAATTAAAACCCGACAACTAGTAGACATCGTTTAGGGCGTGGACTAC,305,297,288,0,259,0,254,440,651,311
